date,daily_transaction_volume,daily_revenue_usd,daily_new_customers,customer_churn_rate_pct,avg_response_time_ms,system_uptime_pct,fraud_detection_rate_pct,false_positive_rate_pct,year_month
2022-01-01,1032,51625.75,48,2.26,158.5,99.5,81.4,3.41,2022-01
2022-01-02,1022,51114.95,48,2.61,204.6,98.91,82.84,2.71,2022-01
2022-01-03,961,48064.06,59,2.44,148.8,99.24,83.89,2.97,2022-01
2022-01-04,1020,51048.89,55,2.46,148.6,99.56,83.85,3.97,2022-01
2022-01-05,1075,53761.93,47,2.03,175.7,99.31,82.6,3.34,2022-01
2022-01-06,972,48632.95,51,2.87,120.9,99.48,87.16,2.34,2022-01
2022-01-07,1075,53751.68,44,2.65,158.7,99.66,87.5,2.43,2022-01
2022-01-08,1048,52419.68,57,2.2,159.5,99.66,89.04,2.54,2022-01
2022-01-09,1048,52405.38,52,3.07,146.8,98.69,89.4,3.52,2022-01
2022-01-10,1040,52039.04,61,2.37,156.5,99.53,84.11,3.57,2022-01
2022-01-11,974,48748.79,42,3.1,173.2,99.51,88.68,2.72,2022-01
2022-01-12,1007,50399.6,40,2.49,156.1,99.46,95.65,2.99,2022-01
2022-01-13,1125,56256.47,43,2.72,129.1,99.41,81.6,3.82,2022-01
2022-01-14,1057,52878.05,51,2.38,140.9,98.63,88.39,3.47,2022-01
2022-01-15,1112,55606.51,38,2.45,113.3,99.31,90.03,2.97,2022-01
2022-01-16,1011,50562.17,61,2.15,208.7,99.4,90.15,2.73,2022-01
2022-01-17,1000,50015.25,47,2.25,155.6,99.75,81.05,2.92,2022-01
2022-01-18,1019,50957.3,54,2.9,101.9,99.54,88.45,2.47,2022-01
2022-01-19,1073,53686.86,49,2.64,126.7,99.52,81.38,2.68,2022-01
2022-01-20,992,49641.81,46,2.58,133.2,99.11,89.15,2.99,2022-01
2022-01-21,1021,51099.06,32,2.77,138.1,99.61,92.72,2.68,2022-01
2022-01-22,1035,51798.15,42,2.38,166.2,99.89,80.15,3.46,2022-01
2022-01-23,1049,52469.2,50,2.92,158.3,99.47,80.82,3.49,2022-01
2022-01-24,982,49117.48,71,2.5,167.1,99.24,90.13,3.49,2022-01
2022-01-25,1046,52330.35,58,1.94,135.0,99.4,89.67,3.13,2022-01
2022-01-26,1064,53242.71,60,3.24,136.7,99.76,86.77,2.8,2022-01
2022-01-27,868,43404.17,44,2.37,116.8,99.85,80.58,3.1,2022-01
2022-01-28,1089,54497.79,55,2.39,138.7,99.47,86.55,3.44,2022-01
2022-01-29,1092,54636.7,54,2.7,165.8,99.62,88.8,2.8,2022-01
2022-01-30,1016,50836.69,51,1.69,171.2,99.18,86.89,3.21,2022-01
2022-01-31,1107,55388.32,42,2.19,186.7,99.28,81.17,2.61,2022-01
2022-02-01,1066,53348.75,49,2.45,154.7,99.78,89.29,2.8,2022-02
2022-02-02,1139,56989.86,55,2.31,155.6,99.59,80.97,3.55,2022-02
2022-02-03,1062,53144.32,51,2.6,158.8,99.35,87.55,3.83,2022-02
2022-02-04,1022,51149.24,59,2.33,171.9,99.64,80.52,2.39,2022-02
2022-02-05,909,45495.0,51,3.04,141.9,99.23,81.06,3.15,2022-02
2022-02-06,1086,54343.39,46,2.96,139.4,99.65,80.85,3.5,2022-02
2022-02-07,1120,56047.71,41,2.29,166.6,99.18,78.1,2.68,2022-02
2022-02-08,975,48756.87,41,2.15,131.2,99.43,72.05,2.58,2022-02
2022-02-09,1089,54463.49,49,2.45,114.5,99.12,90.35,3.19,2022-02
2022-02-10,1043,52168.65,52,2.23,152.3,99.25,89.3,3.06,2022-02
2022-02-11,1088,54417.77,50,2.73,161.2,99.84,84.72,2.95,2022-02
2022-02-12,1005,50282.99,56,2.15,155.5,99.71,83.12,1.92,2022-02
2022-02-13,1079,53990.17,45,2.3,160.6,99.37,84.33,2.75,2022-02
2022-02-14,1021,51074.44,44,3.07,127.3,99.5,86.0,3.08,2022-02
2022-02-15,1108,55445.79,40,1.83,159.2,99.27,93.78,3.03,2022-02
2022-02-16,1043,52170.26,29,2.05,153.8,99.31,88.39,4.02,2022-02
2022-02-17,1122,56102.56,54,2.19,152.5,99.1,92.86,2.57,2022-02
2022-02-18,1075,53774.33,44,2.81,125.7,99.46,81.15,2.36,2022-02
2022-02-19,1130,56548.35,53,2.64,147.9,99.71,86.61,2.9,2022-02
2022-02-20,1067,53361.47,42,2.24,99.4,99.66,86.93,1.97,2022-02
2022-02-21,1088,54404.68,43,2.52,130.9,99.68,76.93,2.1,2022-02
2022-02-22,1061,53050.72,64,2.66,128.7,99.85,83.7,2.95,2022-02
2022-02-23,1090,54525.72,49,3.14,164.5,99.32,72.67,4.12,2022-02
2022-02-24,1061,53054.1,35,1.83,134.9,99.16,89.4,3.19,2022-02
2022-02-25,1180,59034.13,45,2.65,138.1,99.55,85.49,2.77,2022-02
2022-02-26,1054,52736.14,52,2.46,146.8,99.78,86.17,3.61,2022-02
2022-02-27,1073,53692.22,43,2.62,136.6,99.85,84.45,2.85,2022-02
2022-02-28,1127,56380.15,60,2.6,147.7,99.48,82.19,3.07,2022-02
2022-03-01,1078,53900.66,56,2.03,187.9,99.25,85.71,2.79,2022-03
2022-03-02,1138,56925.51,49,2.95,149.1,99.18,89.87,2.42,2022-03
2022-03-03,1120,56008.73,41,2.21,191.0,99.57,91.14,2.27,2022-03
2022-03-04,1173,58693.13,51,3.1,160.4,99.88,75.95,2.52,2022-03
2022-03-05,1049,52496.44,55,2.05,149.8,99.41,84.92,2.49,2022-03
2022-03-06,1059,52964.06,51,2.92,179.7,99.5,88.06,3.63,2022-03
2022-03-07,1044,52219.67,49,2.01,188.7,99.28,88.64,2.96,2022-03
2022-03-08,1051,52555.32,50,2.42,113.5,99.93,84.59,2.41,2022-03
2022-03-09,1107,55353.54,60,3.02,167.2,99.58,86.52,3.31,2022-03
2022-03-10,1131,56553.54,44,2.28,134.4,99.18,76.53,2.99,2022-03
2022-03-11,1027,51397.87,42,2.59,155.5,99.73,79.89,2.31,2022-03
2022-03-12,1069,53497.4,57,2.42,140.6,99.59,79.74,3.63,2022-03
2022-03-13,1190,59514.33,55,2.34,122.1,99.81,83.04,2.79,2022-03
2022-03-14,1123,56169.38,48,2.64,155.1,99.73,77.41,2.29,2022-03
2022-03-15,1207,60356.14,39,2.25,145.8,99.45,86.82,3.31,2022-03
2022-03-16,1021,51069.14,34,2.28,146.3,99.64,86.48,2.86,2022-03
2022-03-17,1094,54735.36,56,2.84,154.4,99.47,79.35,2.9,2022-03
2022-03-18,1149,57455.78,56,2.52,162.9,99.45,90.97,3.0,2022-03
2022-03-19,1079,53964.09,52,2.04,116.3,99.55,86.59,3.58,2022-03
2022-03-20,1074,53724.64,55,2.48,143.3,99.33,83.62,2.66,2022-03
2022-03-21,1111,55559.35,50,2.17,135.0,99.66,89.71,3.21,2022-03
2022-03-22,1113,55659.43,46,2.19,148.6,99.35,92.02,2.27,2022-03
2022-03-23,1091,54584.96,54,2.5,155.9,99.1,92.82,3.04,2022-03
2022-03-24,1114,55737.94,56,2.03,146.9,99.76,93.0,3.41,2022-03
2022-03-25,1061,53086.35,58,2.1,128.3,99.92,75.85,3.12,2022-03
2022-03-26,1135,56792.33,63,2.41,156.0,99.75,83.33,3.03,2022-03
2022-03-27,1038,51907.29,52,2.66,137.2,98.93,74.2,2.88,2022-03
2022-03-28,1093,54696.19,52,2.38,158.6,99.76,79.35,2.81,2022-03
2022-03-29,1178,58908.6,50,2.66,176.0,99.4,87.03,2.53,2022-03
2022-03-30,1125,56289.15,47,2.51,146.6,99.04,95.05,2.56,2022-03
2022-03-31,1081,54095.53,41,2.33,125.7,99.37,88.12,2.82,2022-03
2022-04-01,1015,50784.58,51,2.08,97.3,99.29,92.1,3.3,2022-04
2022-04-02,1142,57119.41,53,2.17,169.1,99.5,79.59,3.9,2022-04
2022-04-03,1092,54611.73,63,2.41,166.0,99.5,88.1,3.92,2022-04
2022-04-04,1151,57592.25,51,2.6,145.8,99.97,87.02,3.04,2022-04
2022-04-05,1157,57897.89,38,2.4,158.3,99.86,86.19,2.58,2022-04
2022-04-06,1132,56621.44,52,2.96,132.4,98.97,78.35,2.68,2022-04
2022-04-07,1086,54302.67,49,2.05,148.8,99.54,81.18,2.92,2022-04
2022-04-08,1132,56610.97,56,2.41,140.1,99.07,79.05,3.09,2022-04
2022-04-09,1040,52017.75,61,2.14,145.1,98.77,77.18,2.85,2022-04
2022-04-10,1088,54400.35,46,2.42,155.8,99.82,75.17,3.19,2022-04
2022-04-11,1097,54882.29,45,2.56,143.1,99.28,85.4,2.92,2022-04
2022-04-12,1091,54582.82,60,2.56,122.3,99.72,84.16,2.84,2022-04
2022-04-13,1080,54031.15,52,2.57,163.6,99.68,77.56,2.9,2022-04
2022-04-14,1076,53827.94,48,2.68,144.6,99.99,88.97,3.02,2022-04
2022-04-15,1089,54490.01,47,2.69,141.8,99.66,93.18,2.73,2022-04
2022-04-16,1123,56171.84,55,2.01,112.8,99.74,88.03,2.53,2022-04
2022-04-17,1142,57144.18,47,2.76,148.2,99.08,83.76,2.89,2022-04
2022-04-18,1148,57426.29,39,2.54,155.4,99.54,80.74,3.74,2022-04
2022-04-19,1088,54423.62,49,2.66,203.7,99.51,83.66,4.4,2022-04
2022-04-20,1182,59138.73,51,2.4,161.2,99.29,85.65,2.95,2022-04
2022-04-21,1144,57213.82,47,1.86,141.5,99.34,83.9,2.93,2022-04
2022-04-22,1158,57941.52,47,2.47,156.0,99.51,93.23,3.64,2022-04
2022-04-23,1021,51091.1,49,2.57,149.9,99.55,97.82,2.58,2022-04
2022-04-24,1110,55515.79,67,3.0,167.2,99.49,81.21,3.56,2022-04
2022-04-25,1123,56195.55,60,2.46,130.4,99.29,89.63,3.3,2022-04
2022-04-26,1119,55975.02,56,2.18,178.1,99.06,85.84,2.6,2022-04
2022-04-27,1021,51054.36,51,2.34,136.1,99.57,83.24,2.56,2022-04
2022-04-28,1100,55035.79,51,2.18,138.8,99.5,84.23,3.35,2022-04
2022-04-29,1159,57969.14,51,2.4,167.0,99.69,79.98,3.12,2022-04
2022-04-30,1135,56783.36,49,2.97,147.0,99.53,88.3,2.54,2022-04
2022-05-01,1109,55479.38,53,2.71,119.1,99.78,80.55,3.4,2022-05
2022-05-02,1039,51967.86,49,2.69,136.6,99.1,88.49,2.99,2022-05
2022-05-03,1194,59749.81,52,2.61,135.2,99.69,84.88,3.2,2022-05
2022-05-04,1085,54278.72,50,2.73,127.7,99.17,70.13,3.5,2022-05
2022-05-05,1058,52939.48,52,2.07,136.3,99.73,78.82,2.55,2022-05
2022-05-06,1074,53739.39,52,2.4,126.6,99.62,79.24,3.26,2022-05
2022-05-07,1075,53755.03,43,2.44,133.8,99.4,83.49,3.02,2022-05
2022-05-08,1091,54562.11,50,2.12,167.5,98.96,79.52,3.55,2022-05
2022-05-09,1007,50358.97,56,2.55,145.5,99.31,90.24,2.77,2022-05
2022-05-10,1191,59583.62,45,2.71,166.5,99.4,83.29,2.81,2022-05
2022-05-11,1084,54224.92,38,2.36,106.6,99.33,82.65,2.35,2022-05
2022-05-12,1059,52982.67,54,1.69,158.0,99.37,87.48,3.18,2022-05
2022-05-13,1050,52537.7,55,2.93,150.6,100.0,81.12,3.15,2022-05
2022-05-14,1055,52784.19,51,1.87,138.4,99.98,84.49,2.75,2022-05
2022-05-15,1086,54305.39,52,2.29,146.4,99.16,84.31,2.26,2022-05
2022-05-16,1148,57445.15,46,3.35,138.1,98.95,84.62,2.71,2022-05
2022-05-17,1134,56707.91,42,2.43,160.3,99.76,88.04,3.29,2022-05
2022-05-18,1144,57224.56,47,2.57,166.5,99.01,85.33,2.95,2022-05
2022-05-19,1156,57817.15,51,2.77,156.5,99.6,80.14,2.77,2022-05
2022-05-20,1108,55446.57,56,2.48,197.2,99.14,81.72,2.95,2022-05
2022-05-21,1026,51304.5,51,2.81,168.5,99.46,92.96,2.47,2022-05
2022-05-22,1113,55660.04,58,2.16,162.4,99.3,73.19,2.69,2022-05
2022-05-23,1105,55285.3,42,2.88,147.5,99.69,78.36,2.6,2022-05
2022-05-24,1049,52451.12,40,3.0,161.4,99.86,93.42,2.67,2022-05
2022-05-25,1100,55027.95,44,2.87,145.5,100.0,95.52,2.53,2022-05
2022-05-26,1024,51208.06,54,2.26,175.9,99.66,88.14,3.77,2022-05
2022-05-27,1011,50595.1,43,2.51,185.4,99.3,90.31,3.03,2022-05
2022-05-28,1034,51726.29,56,2.63,179.4,99.2,87.97,3.71,2022-05
2022-05-29,993,49687.73,49,2.75,160.6,99.86,87.94,3.25,2022-05
2022-05-30,1101,55088.5,55,3.04,147.3,99.02,81.61,2.65,2022-05
2022-05-31,1035,51752.68,59,2.34,147.5,99.99,77.84,2.94,2022-05
2022-06-01,1075,53795.72,56,2.21,102.4,99.65,81.98,3.55,2022-06
2022-06-02,1058,52929.64,51,1.48,165.6,99.48,86.84,2.49,2022-06
2022-06-03,1011,50567.48,47,2.45,136.5,99.57,89.73,3.1,2022-06
2022-06-04,1006,50348.58,50,2.17,164.7,100.0,75.68,2.09,2022-06
2022-06-05,1019,50973.39,44,2.44,184.7,99.76,91.25,4.18,2022-06
2022-06-06,1069,53485.25,56,2.4,148.5,99.82,82.94,3.0,2022-06
2022-06-07,1059,52968.63,46,2.12,150.0,99.12,85.37,2.43,2022-06
2022-06-08,1066,53318.64,59,2.91,153.9,99.7,87.24,2.6,2022-06
2022-06-09,1073,53654.92,51,2.38,167.3,98.96,82.06,3.04,2022-06
2022-06-10,1062,53146.4,46,2.44,146.0,99.39,87.4,3.53,2022-06
2022-06-11,1114,55742.15,50,2.55,129.4,99.84,83.09,3.16,2022-06
2022-06-12,1123,56186.94,44,2.23,149.8,99.65,86.47,3.44,2022-06
2022-06-13,1134,56708.57,45,2.68,159.4,99.09,73.68,2.66,2022-06
2022-06-14,1052,52607.42,41,2.51,120.5,99.44,83.53,2.24,2022-06
2022-06-15,1054,52728.11,46,2.36,127.2,100.0,84.77,3.06,2022-06
2022-06-16,1066,53311.47,61,2.39,149.4,98.96,86.54,3.22,2022-06
2022-06-17,1089,54487.52,43,2.67,170.0,99.0,86.08,2.92,2022-06
2022-06-18,1043,52180.86,39,2.85,158.0,99.41,80.55,3.12,2022-06
2022-06-19,1032,51626.21,50,2.13,119.4,99.38,81.03,3.2,2022-06
2022-06-20,1105,55261.92,34,2.54,169.0,99.28,88.62,2.78,2022-06
2022-06-21,1142,57147.81,45,2.78,195.7,99.86,85.1,2.93,2022-06
2022-06-22,1015,50759.1,63,2.39,136.5,99.36,82.74,3.03,2022-06
2022-06-23,1093,54692.59,57,2.4,160.0,99.58,83.95,3.25,2022-06
2022-06-24,1032,51631.11,42,2.56,111.4,99.35,84.94,3.07,2022-06
2022-06-25,1048,52404.0,52,2.58,156.7,99.48,86.36,2.74,2022-06
2022-06-26,1092,54649.64,51,2.79,165.4,99.17,79.43,3.16,2022-06
2022-06-27,1124,56227.26,53,3.06,149.3,99.59,79.46,3.24,2022-06
2022-06-28,1099,54951.14,57,2.56,127.3,99.52,83.54,2.98,2022-06
2022-06-29,1125,56283.97,41,2.54,149.9,99.58,86.78,2.78,2022-06
2022-06-30,909,45476.74,49,2.49,155.7,99.66,85.27,3.32,2022-06
2022-07-01,1111,55550.88,50,2.72,159.5,99.59,87.99,2.84,2022-07
2022-07-02,1029,51460.94,58,2.46,149.6,99.83,82.15,3.65,2022-07
2022-07-03,1052,52622.25,55,2.77,163.8,99.1,93.04,2.61,2022-07
2022-07-04,1060,53018.52,50,2.79,129.7,99.73,86.85,3.73,2022-07
2022-07-05,1035,51776.38,44,2.42,153.7,99.7,94.12,2.68,2022-07
2022-07-06,1025,51289.23,47,2.42,141.0,99.73,76.98,2.87,2022-07
2022-07-07,1087,54368.15,37,2.69,163.9,99.84,78.92,2.56,2022-07
2022-07-08,1121,56052.19,44,2.4,169.6,99.75,81.43,1.58,2022-07
2022-07-09,1009,50477.14,42,2.72,149.4,99.76,82.61,3.0,2022-07
2022-07-10,979,48980.1,43,2.57,115.6,99.67,83.53,2.66,2022-07
2022-07-11,1053,52674.56,48,2.26,144.2,99.56,85.88,2.4,2022-07
2022-07-12,1049,52497.61,38,2.59,170.5,100.0,84.11,3.27,2022-07
2022-07-13,1020,51040.11,58,2.84,161.2,99.74,84.34,2.27,2022-07
2022-07-14,974,48725.39,46,1.97,137.1,99.46,81.54,3.35,2022-07
2022-07-15,1046,52331.4,51,2.57,158.6,99.53,86.2,3.37,2022-07
2022-07-16,981,49073.98,51,2.06,143.7,98.61,81.25,2.85,2022-07
2022-07-17,1046,52313.73,45,2.71,175.3,99.71,89.64,3.14,2022-07
2022-07-18,987,49372.33,45,2.29,144.7,99.07,83.29,3.07,2022-07
2022-07-19,928,46411.64,50,2.69,145.9,99.98,81.64,3.1,2022-07
2022-07-20,1018,50942.84,58,2.69,128.6,99.36,83.57,2.22,2022-07
2022-07-21,1023,51174.67,56,2.41,120.4,99.32,92.42,3.19,2022-07
2022-07-22,922,46145.2,67,2.74,156.0,99.52,81.37,3.37,2022-07
2022-07-23,1043,52154.34,53,2.15,137.5,99.5,77.27,3.63,2022-07
2022-07-24,1035,51769.47,51,3.03,143.2,99.37,78.91,3.51,2022-07
2022-07-25,863,43160.17,49,2.62,188.2,99.99,91.43,2.96,2022-07
2022-07-26,1109,55498.06,56,3.34,161.2,99.86,85.57,3.37,2022-07
2022-07-27,983,49187.59,48,3.0,151.6,99.81,79.94,3.12,2022-07
2022-07-28,982,49130.05,53,2.13,150.1,99.38,82.66,2.51,2022-07
2022-07-29,1033,51685.37,60,2.28,135.7,99.8,90.18,2.85,2022-07
2022-07-30,1013,50695.92,41,2.38,168.3,99.65,80.98,3.12,2022-07
2022-07-31,1114,55714.11,44,2.53,156.2,99.43,84.68,2.94,2022-07
2022-08-01,937,46899.71,55,2.44,162.9,99.19,86.53,3.23,2022-08
2022-08-02,1026,51340.3,63,1.89,186.7,99.28,86.08,3.45,2022-08
2022-08-03,975,48762.53,55,2.08,178.4,99.31,85.7,2.35,2022-08
2022-08-04,1043,52166.62,51,2.61,169.0,99.41,98.0,2.12,2022-08
2022-08-05,1042,52100.48,54,2.14,136.5,99.72,81.54,3.97,2022-08
2022-08-06,928,46444.48,56,2.3,120.0,99.49,84.31,3.26,2022-08
2022-08-07,1010,50503.24,61,2.75,192.0,99.58,83.62,2.69,2022-08
2022-08-08,961,48089.33,42,2.05,148.4,99.45,87.19,3.75,2022-08
2022-08-09,1055,52788.92,44,2.27,164.3,99.27,84.92,3.13,2022-08
2022-08-10,907,45360.79,40,2.6,127.6,99.4,86.31,2.88,2022-08
2022-08-11,978,48932.62,40,2.72,136.8,99.44,85.18,3.29,2022-08
2022-08-12,1001,50074.17,58,2.3,130.2,99.42,81.54,2.8,2022-08
2022-08-13,984,49206.57,53,2.42,120.4,99.95,97.85,2.13,2022-08
2022-08-14,1045,52278.74,45,2.49,137.9,99.19,85.06,3.4,2022-08
2022-08-15,1005,50270.5,48,2.14,137.3,99.59,89.21,3.27,2022-08
2022-08-16,965,48298.65,42,2.48,120.1,99.23,83.39,3.17,2022-08
2022-08-17,970,48539.46,43,3.27,165.0,100.0,81.86,2.03,2022-08
2022-08-18,947,47386.57,54,2.98,122.2,99.35,91.77,3.87,2022-08
2022-08-19,988,49414.93,42,2.02,139.8,99.14,82.77,2.96,2022-08
2022-08-20,1025,51250.32,47,2.05,136.9,99.7,88.98,2.35,2022-08
2022-08-21,1087,54369.33,44,2.64,148.9,99.29,92.71,3.37,2022-08
2022-08-22,1007,50366.43,57,2.67,155.9,99.27,82.39,3.54,2022-08
2022-08-23,913,45672.43,53,2.33,169.2,99.1,77.85,2.89,2022-08
2022-08-24,972,48622.27,47,2.79,156.2,99.81,87.64,3.01,2022-08
2022-08-25,1003,50182.06,53,2.67,153.0,98.99,81.14,3.02,2022-08
2022-08-26,1030,51536.77,50,2.34,187.0,99.43,94.53,3.69,2022-08
2022-08-27,961,48062.87,56,3.06,192.7,99.74,83.39,3.53,2022-08
2022-08-28,1040,52034.0,53,2.93,165.4,99.54,76.26,2.9,2022-08
2022-08-29,900,45001.93,54,2.95,132.0,99.64,87.66,2.53,2022-08
2022-08-30,907,45384.87,44,3.02,169.0,99.78,88.03,2.52,2022-08
2022-08-31,954,47723.56,55,2.61,123.0,99.57,86.62,3.18,2022-08
2022-09-01,999,49974.03,48,2.19,132.1,99.01,78.85,3.21,2022-09
2022-09-02,947,47366.31,45,2.2,152.1,98.95,90.12,2.71,2022-09
2022-09-03,940,47004.8,42,2.62,111.0,99.45,81.2,3.51,2022-09
2022-09-04,855,42777.03,47,2.39,155.1,99.16,82.82,2.51,2022-09
2022-09-05,970,48539.06,55,2.69,145.9,99.64,91.56,2.48,2022-09
2022-09-06,1132,56610.98,59,2.21,137.2,99.44,86.27,1.8,2022-09
2022-09-07,930,46520.98,61,2.51,178.7,99.49,84.21,3.91,2022-09
2022-09-08,1056,52806.15,44,2.58,145.4,99.96,86.94,3.25,2022-09
2022-09-09,960,48041.91,60,2.46,148.0,99.76,85.65,3.01,2022-09
2022-09-10,985,49251.77,61,2.78,197.2,99.51,85.67,2.32,2022-09
2022-09-11,973,48662.81,50,2.3,150.1,99.61,80.83,3.08,2022-09
2022-09-12,989,49462.41,41,2.2,143.7,99.82,82.05,2.68,2022-09
2022-09-13,965,48268.06,39,2.0,139.4,99.73,79.32,2.55,2022-09
2022-09-14,942,47102.66,46,2.41,153.5,99.47,83.29,3.03,2022-09
2022-09-15,998,49943.17,42,2.38,160.4,99.33,83.13,2.86,2022-09
2022-09-16,1011,50587.64,40,2.42,158.9,99.27,83.3,3.38,2022-09
2022-09-17,893,44693.55,51,2.26,184.3,100.0,78.36,2.44,2022-09
2022-09-18,934,46749.88,57,2.18,122.9,99.87,85.93,2.66,2022-09
2022-09-19,948,47407.57,56,3.04,122.0,99.68,83.44,2.8,2022-09
2022-09-20,960,48040.44,59,2.25,147.2,99.33,82.86,2.52,2022-09
2022-09-21,986,49320.35,57,2.47,159.3,99.46,80.86,2.98,2022-09
2022-09-22,1081,54080.22,60,2.6,158.5,99.47,83.9,3.04,2022-09
2022-09-23,935,46796.57,66,2.8,171.1,99.71,86.44,2.09,2022-09
2022-09-24,1003,50157.08,52,2.52,152.4,99.65,85.35,3.48,2022-09
2022-09-25,942,47120.73,41,2.64,143.9,99.07,70.0,3.43,2022-09
2022-09-26,1033,51683.93,38,2.27,151.3,99.39,77.53,2.74,2022-09
2022-09-27,938,46944.99,42,2.61,116.8,99.09,84.39,2.96,2022-09
2022-09-28,928,46408.23,60,2.6,146.6,99.43,83.27,3.68,2022-09
2022-09-29,994,49745.12,60,2.14,142.4,100.0,87.98,3.25,2022-09
2022-09-30,985,49280.98,33,2.3,160.9,99.26,72.28,2.79,2022-09
2022-10-01,893,44671.7,52,2.78,207.3,99.13,80.12,2.85,2022-10
2022-10-02,1017,50850.36,55,2.88,118.8,99.23,78.81,2.51,2022-10
2022-10-03,1019,50985.41,48,2.34,166.2,99.51,84.81,3.22,2022-10
2022-10-04,928,46400.11,44,2.27,154.5,99.56,92.38,3.02,2022-10
2022-10-05,938,46902.31,48,2.39,152.0,99.44,88.69,2.3,2022-10
2022-10-06,982,49133.54,54,2.55,157.7,99.34,89.67,2.75,2022-10
2022-10-07,944,47242.94,48,2.63,152.7,99.68,93.75,3.09,2022-10
2022-10-08,963,48188.53,58,2.37,180.3,99.72,85.27,3.45,2022-10
2022-10-09,1024,51208.19,56,2.9,150.3,99.37,81.77,3.34,2022-10
2022-10-10,991,49595.35,46,2.46,186.2,99.66,88.68,3.13,2022-10
2022-10-11,1032,51635.69,69,2.6,184.1,99.66,78.19,4.06,2022-10
2022-10-12,1027,51379.73,51,3.13,159.7,99.36,93.86,2.2,2022-10
2022-10-13,982,49118.18,45,2.48,150.0,99.55,80.12,3.58,2022-10
2022-10-14,985,49265.9,53,3.14,179.0,99.77,92.27,2.97,2022-10
2022-10-15,940,47017.13,51,2.89,152.3,99.56,83.93,2.96,2022-10
2022-10-16,983,49198.2,60,2.34,129.4,99.84,98.0,4.25,2022-10
2022-10-17,963,48158.99,47,2.58,145.5,99.38,78.34,3.34,2022-10
2022-10-18,998,49905.29,39,2.63,145.1,98.84,82.17,1.75,2022-10
2022-10-19,1089,54485.64,53,2.86,196.6,99.64,89.36,2.32,2022-10
2022-10-20,960,48031.51,51,2.64,169.1,99.37,79.05,3.92,2022-10
2022-10-21,919,45989.52,53,3.25,146.6,99.66,84.05,2.83,2022-10
2022-10-22,1066,53302.22,52,2.42,126.6,99.53,84.69,3.1,2022-10
2022-10-23,1005,50253.71,44,2.7,150.3,99.73,98.0,1.45,2022-10
2022-10-24,983,49197.62,48,2.37,132.6,99.05,93.84,2.33,2022-10
2022-10-25,885,44264.4,49,2.73,115.3,99.49,86.59,2.96,2022-10
2022-10-26,985,49270.78,46,2.83,152.0,99.37,85.32,3.21,2022-10
2022-10-27,958,47921.32,43,2.49,171.0,99.38,89.47,2.77,2022-10
2022-10-28,980,49018.72,50,2.92,167.2,99.46,82.08,3.14,2022-10
2022-10-29,951,47576.54,51,2.77,165.1,99.16,77.41,3.17,2022-10
2022-10-30,1016,50833.12,52,2.64,153.5,99.47,89.86,2.87,2022-10
2022-10-31,1001,50078.72,43,2.56,150.4,98.94,82.08,1.98,2022-10
2022-11-01,969,48477.84,54,2.41,144.1,99.82,81.52,3.59,2022-11
2022-11-02,963,48179.8,49,2.66,151.0,98.94,79.09,3.75,2022-11
2022-11-03,954,47703.49,37,2.69,153.2,99.78,80.41,2.7,2022-11
2022-11-04,941,47088.91,49,2.43,169.1,99.33,82.88,3.58,2022-11
2022-11-05,944,47215.86,62,2.21,136.0,99.89,85.42,3.93,2022-11
2022-11-06,976,48804.83,53,2.03,139.2,99.17,88.59,2.98,2022-11
2022-11-07,939,46976.72,50,2.57,151.6,99.88,82.73,2.61,2022-11
2022-11-08,879,43953.98,53,2.75,147.6,99.42,86.63,2.25,2022-11
2022-11-09,994,49716.95,45,2.56,141.7,99.58,82.06,3.32,2022-11
2022-11-10,963,48173.82,63,2.64,165.0,100.0,83.19,2.97,2022-11
2022-11-11,1102,55136.45,46,2.37,174.2,99.12,73.84,2.51,2022-11
2022-11-12,952,47609.04,33,2.48,139.6,99.09,83.97,2.59,2022-11
2022-11-13,932,46608.69,38,2.77,100.0,99.5,81.68,3.83,2022-11
2022-11-14,963,48173.91,31,2.63,168.7,99.88,79.68,2.42,2022-11
2022-11-15,948,47435.17,50,2.59,143.9,98.86,76.0,3.65,2022-11
2022-11-16,940,47041.84,45,2.89,149.5,99.23,88.83,2.53,2022-11
2022-11-17,1005,50271.72,57,3.1,150.4,98.87,85.9,2.92,2022-11
2022-11-18,1037,51899.54,47,2.43,138.9,99.92,86.1,2.08,2022-11
2022-11-19,950,47536.28,50,2.85,124.1,99.42,84.55,2.66,2022-11
2022-11-20,948,47439.41,40,2.47,186.0,99.52,78.69,2.71,2022-11
2022-11-21,966,48333.29,49,2.56,153.5,99.4,86.19,3.32,2022-11
2022-11-22,974,48747.56,58,2.83,175.6,99.32,82.64,4.22,2022-11
2022-11-23,949,47456.32,57,2.96,153.7,99.83,81.63,3.15,2022-11
2022-11-24,1007,50389.74,55,2.89,188.7,99.15,86.25,2.15,2022-11
2022-11-25,1012,50619.06,54,2.53,164.1,99.72,84.72,3.24,2022-11
2022-11-26,1039,51955.97,46,2.62,132.9,99.54,79.87,3.57,2022-11
2022-11-27,1002,50142.67,53,2.59,137.5,99.76,75.82,2.78,2022-11
2022-11-28,954,47735.58,61,2.57,151.8,99.68,93.56,2.98,2022-11
2022-11-29,1063,53190.97,44,2.54,127.4,99.39,89.05,2.59,2022-11
2022-11-30,940,47006.49,56,2.66,164.5,99.46,77.06,3.22,2022-11
2022-12-01,1041,52081.21,71,2.51,175.2,99.31,83.73,2.68,2022-12
2022-12-02,989,49493.35,42,2.33,137.5,99.57,78.22,2.62,2022-12
2022-12-03,1035,51796.93,51,2.42,158.3,99.56,80.03,3.33,2022-12
2022-12-04,969,48486.64,45,2.27,163.7,99.33,84.61,2.83,2022-12
2022-12-05,1133,56691.53,50,2.29,115.6,99.5,83.49,3.46,2022-12
2022-12-06,983,49193.59,42,2.15,161.6,99.2,87.2,3.87,2022-12
2022-12-07,999,49971.1,56,2.22,175.4,99.86,93.33,2.29,2022-12
2022-12-08,1057,52896.75,64,2.65,143.9,99.62,81.33,2.62,2022-12
2022-12-09,1026,51332.47,56,2.38,165.3,99.31,83.25,2.75,2022-12
2022-12-10,1018,50945.22,49,2.05,148.5,99.61,80.48,2.53,2022-12
2022-12-11,1023,51156.26,54,2.41,119.8,99.19,88.73,3.16,2022-12
2022-12-12,1036,51824.23,53,2.29,121.2,99.45,93.73,3.58,2022-12
2022-12-13,1101,55064.75,46,2.46,155.2,99.14,98.0,3.64,2022-12
2022-12-14,1062,53112.19,46,2.48,129.5,99.47,83.33,2.72,2022-12
2022-12-15,1068,53404.54,51,2.71,159.6,99.51,89.71,3.03,2022-12
2022-12-16,1036,51804.83,45,2.32,159.7,99.34,89.29,3.56,2022-12
2022-12-17,1031,51568.1,51,2.43,180.9,99.72,78.46,2.26,2022-12
2022-12-18,975,48771.24,48,2.51,145.0,99.66,87.76,4.01,2022-12
2022-12-19,1087,54369.66,50,2.64,152.8,99.08,90.63,2.67,2022-12
2022-12-20,1062,53140.49,50,2.45,192.9,99.67,82.16,2.43,2022-12
2022-12-21,1019,50976.03,53,2.05,155.0,99.47,91.94,2.69,2022-12
2022-12-22,1100,55012.63,51,2.85,160.5,99.57,81.03,2.49,2022-12
2022-12-23,1075,53788.66,39,2.15,121.9,99.65,80.02,2.68,2022-12
2022-12-24,1034,51721.66,58,2.71,113.0,99.88,82.14,3.61,2022-12
2022-12-25,1017,50856.9,56,2.33,152.6,99.77,76.86,3.26,2022-12
2022-12-26,1103,55161.51,48,2.53,131.3,99.49,80.83,2.98,2022-12
2022-12-27,1071,53557.34,45,2.74,175.7,99.8,89.99,2.49,2022-12
2022-12-28,1174,58727.46,40,2.38,143.3,99.43,90.8,2.52,2022-12
2022-12-29,1092,54632.79,39,2.31,143.3,99.19,82.96,3.17,2022-12
2022-12-30,1066,53323.68,50,2.39,142.6,99.67,84.55,2.92,2022-12
2022-12-31,1113,55675.29,60,2.19,126.8,98.89,85.12,1.69,2022-12
2023-01-01,1063,53172.15,51,2.35,148.1,99.7,94.67,2.29,2023-01
2023-01-02,1084,54200.33,67,2.25,150.7,99.75,80.46,2.72,2023-01
2023-01-03,1067,53357.61,43,2.87,120.7,99.68,83.39,3.48,2023-01
2023-01-04,1038,51943.98,72,2.26,148.3,99.63,89.37,2.09,2023-01
2023-01-05,1110,55525.36,48,2.05,147.2,99.89,85.3,2.6,2023-01
2023-01-06,1111,55592.03,62,2.43,170.8,99.33,87.78,2.95,2023-01
2023-01-07,1028,51439.28,45,2.28,118.9,99.79,85.51,3.8,2023-01
2023-01-08,1061,53075.39,48,2.24,144.5,99.65,87.03,2.91,2023-01
2023-01-09,1107,55391.61,62,2.55,143.4,99.22,90.71,3.82,2023-01
2023-01-10,1094,54735.67,48,2.32,142.8,99.71,83.44,2.84,2023-01
2023-01-11,1072,53605.57,58,3.4,189.3,99.27,83.33,4.02,2023-01
2023-01-12,1053,52681.37,61,2.67,154.9,99.88,77.37,2.86,2023-01
2023-01-13,1110,55506.02,48,2.74,136.9,99.12,85.5,3.74,2023-01
2023-01-14,1075,53757.34,46,1.95,173.5,99.98,95.05,2.37,2023-01
2023-01-15,1134,56711.35,58,2.03,111.8,99.47,82.71,2.61,2023-01
2023-01-16,1088,54448.9,61,2.24,158.0,99.24,85.02,2.37,2023-01
2023-01-17,1084,54240.05,51,2.19,139.3,99.36,76.46,3.26,2023-01
2023-01-18,1069,53467.78,53,2.49,133.8,99.63,96.79,3.01,2023-01
2023-01-19,1086,54301.6,50,2.64,130.4,99.86,82.44,2.34,2023-01
2023-01-20,1097,54896.37,62,2.8,167.2,99.08,82.2,2.6,2023-01
2023-01-21,1147,57392.08,51,2.54,150.8,99.3,79.93,2.58,2023-01
2023-01-22,1163,58176.4,44,2.68,135.7,99.85,90.09,3.2,2023-01
2023-01-23,931,46564.77,55,1.89,144.9,98.86,83.61,3.12,2023-01
2023-01-24,1159,57962.99,52,2.33,155.2,99.15,88.37,2.64,2023-01
2023-01-25,1153,57688.91,45,2.11,174.7,99.29,82.06,2.61,2023-01
2023-01-26,1118,55940.47,41,2.08,142.2,99.48,85.83,2.11,2023-01
2023-01-27,1248,62411.0,51,2.19,149.6,98.9,80.85,2.37,2023-01
2023-01-28,1238,61911.59,41,2.32,133.5,99.6,96.13,3.1,2023-01
2023-01-29,1179,58977.12,51,2.34,133.7,98.91,93.28,3.22,2023-01
2023-01-30,1211,60583.89,48,2.5,175.7,99.75,87.63,2.19,2023-01
2023-01-31,1210,60536.56,46,2.5,190.8,99.56,77.92,3.06,2023-01
2023-02-01,1235,61784.41,59,2.44,141.1,99.22,86.47,3.99,2023-02
2023-02-02,1161,58084.29,57,2.53,149.7,99.74,91.4,3.11,2023-02
2023-02-03,1174,58736.97,61,2.41,132.1,99.05,98.0,3.48,2023-02
2023-02-04,1212,60627.05,58,2.56,130.2,99.55,82.22,2.44,2023-02
2023-02-05,1126,56304.22,62,2.64,161.9,99.27,87.89,2.61,2023-02
2023-02-06,1107,55369.9,40,2.42,145.3,99.38,93.29,2.84,2023-02
2023-02-07,1168,58412.57,53,3.09,138.9,99.06,86.43,3.3,2023-02
2023-02-08,1169,58471.49,35,2.45,126.0,99.84,81.12,3.18,2023-02
2023-02-09,1217,60883.11,45,2.64,112.5,99.71,89.32,2.04,2023-02
2023-02-10,1222,61129.7,58,2.7,129.5,99.27,84.91,4.23,2023-02
2023-02-11,1154,57716.73,50,2.69,118.4,99.18,73.66,3.66,2023-02
2023-02-12,1171,58582.05,46,2.71,162.2,99.19,87.79,2.65,2023-02
2023-02-13,1161,58088.81,40,2.68,158.4,99.55,91.2,2.94,2023-02
2023-02-14,1238,61907.37,53,1.91,165.7,99.24,90.04,3.71,2023-02
2023-02-15,1101,55089.71,57,2.42,132.4,99.42,80.75,2.41,2023-02
2023-02-16,1162,58123.11,55,2.3,133.6,99.3,82.26,2.98,2023-02
2023-02-17,1205,60255.63,42,2.43,153.5,99.37,84.64,3.13,2023-02
2023-02-18,1077,53897.61,38,2.35,142.3,99.46,83.59,2.55,2023-02
2023-02-19,1101,55067.3,54,2.46,142.7,99.63,84.57,3.06,2023-02
2023-02-20,1219,60970.89,54,2.7,158.1,99.47,84.99,3.24,2023-02
2023-02-21,1105,55297.58,42,2.7,154.7,99.29,78.28,3.2,2023-02
2023-02-22,1245,62299.54,43,2.28,148.8,99.81,80.72,3.82,2023-02
2023-02-23,1158,57902.57,54,2.6,144.7,99.77,80.86,3.3,2023-02
2023-02-24,1146,57324.44,43,2.39,150.7,99.84,80.74,2.82,2023-02
2023-02-25,1283,64162.76,57,2.25,113.8,99.37,94.58,3.33,2023-02
2023-02-26,1119,55990.3,45,2.49,167.7,99.15,81.01,2.87,2023-02
2023-02-27,1162,58112.0,55,2.78,162.1,99.46,79.97,2.9,2023-02
2023-02-28,1088,54413.69,58,2.11,132.9,99.8,79.84,3.27,2023-02
2023-03-01,1220,61049.94,55,2.57,174.0,99.32,81.15,3.36,2023-03
2023-03-02,1170,58547.61,54,2.79,155.1,99.74,78.57,2.53,2023-03
2023-03-03,1139,56980.81,45,2.9,157.9,99.53,89.67,2.25,2023-03
2023-03-04,1112,55635.47,53,2.05,141.1,99.01,84.14,3.02,2023-03
2023-03-05,1169,58462.56,45,2.48,137.9,99.43,88.95,3.2,2023-03
2023-03-06,1161,58054.41,57,2.94,151.2,99.35,75.9,2.78,2023-03
2023-03-07,1138,56931.77,58,2.66,144.1,99.54,89.95,3.57,2023-03
2023-03-08,1282,64145.82,59,2.71,167.3,99.73,88.68,2.71,2023-03
2023-03-09,1185,59299.83,51,2.39,128.1,99.36,86.72,2.57,2023-03
2023-03-10,1113,55682.74,54,2.15,156.8,99.89,84.28,3.19,2023-03
2023-03-11,1228,61422.3,54,2.77,148.9,99.92,82.09,2.78,2023-03
2023-03-12,1225,61299.91,41,2.98,122.6,99.17,93.18,3.0,2023-03
2023-03-13,1158,57907.86,47,2.38,146.2,99.34,85.33,3.35,2023-03
2023-03-14,1225,61273.02,44,2.13,132.2,99.37,87.84,3.54,2023-03
2023-03-15,1259,62954.23,50,2.86,184.2,99.91,87.57,3.39,2023-03
2023-03-16,1152,57633.21,55,2.62,154.7,99.45,87.07,3.6,2023-03
2023-03-17,1245,62297.78,54,2.32,130.2,99.61,85.76,3.69,2023-03
2023-03-18,1139,56960.82,46,2.39,170.6,99.03,88.59,2.54,2023-03
2023-03-19,1153,57667.88,49,2.37,117.8,99.65,82.78,3.61,2023-03
2023-03-20,1151,57592.25,55,2.72,163.3,99.35,82.96,1.65,2023-03
2023-03-21,1302,65106.54,61,1.94,187.8,99.41,86.06,2.7,2023-03
2023-03-22,1157,57851.5,38,2.21,158.1,99.61,81.02,3.35,2023-03
2023-03-23,1227,61389.88,48,2.29,113.7,99.3,74.67,3.23,2023-03
2023-03-24,1203,60162.48,60,2.55,165.5,100.0,92.08,3.1,2023-03
2023-03-25,1222,61135.83,49,2.15,158.8,99.58,89.35,2.49,2023-03
2023-03-26,1291,64563.72,58,2.19,150.6,99.64,82.81,2.72,2023-03
2023-03-27,1177,58865.31,57,3.39,146.9,98.91,89.11,2.81,2023-03
2023-03-28,1247,62396.75,57,2.51,193.7,99.42,78.9,2.52,2023-03
2023-03-29,1255,62750.72,47,2.51,163.6,99.63,86.63,3.58,2023-03
2023-03-30,1145,57264.85,74,2.5,146.0,99.55,76.8,3.63,2023-03
2023-03-31,1279,63982.19,50,2.75,138.7,99.03,88.79,1.87,2023-03
2023-04-01,1203,60152.75,57,2.65,149.1,99.71,83.79,3.22,2023-04
2023-04-02,1218,60949.09,51,2.78,185.7,99.98,83.21,2.53,2023-04
2023-04-03,1231,61588.27,53,2.92,172.2,99.81,76.33,3.04,2023-04
2023-04-04,1169,58488.43,46,2.77,156.8,99.74,83.32,3.59,2023-04
2023-04-05,1213,60672.69,44,2.92,155.6,99.44,80.89,2.93,2023-04
2023-04-06,1085,54296.88,48,2.58,159.5,98.87,78.04,3.68,2023-04
2023-04-07,1174,58721.74,59,2.18,149.6,99.58,82.15,3.75,2023-04
2023-04-08,1169,58474.22,56,2.54,145.1,99.43,84.5,3.64,2023-04
2023-04-09,1135,56779.65,50,2.58,144.2,99.94,92.38,2.98,2023-04
2023-04-10,1170,58519.74,57,2.46,160.5,99.64,74.85,3.07,2023-04
2023-04-11,1102,55132.38,49,2.37,182.1,99.79,77.99,3.62,2023-04
2023-04-12,1175,58763.47,49,2.55,141.6,99.0,85.13,3.3,2023-04
2023-04-13,1195,59752.08,43,2.38,105.4,99.33,95.74,3.54,2023-04
2023-04-14,1180,59032.7,61,3.28,113.7,98.5,80.98,2.6,2023-04
2023-04-15,1206,60310.24,39,2.89,139.0,99.0,84.75,3.01,2023-04
2023-04-16,1227,61396.45,55,2.08,161.6,99.31,87.87,1.6,2023-04
2023-04-17,1217,60882.15,47,2.73,164.1,99.4,82.77,3.3,2023-04
2023-04-18,1161,58087.7,65,2.93,149.4,98.98,92.38,2.33,2023-04
2023-04-19,1182,59110.4,52,2.0,138.4,99.68,83.58,2.93,2023-04
2023-04-20,1188,59402.67,73,2.05,136.8,99.64,87.26,3.74,2023-04
2023-04-21,1244,62213.63,49,2.61,168.7,99.71,85.99,2.61,2023-04
2023-04-22,1156,57823.93,43,2.3,124.2,99.19,86.03,2.79,2023-04
2023-04-23,1175,58773.87,63,2.22,161.6,99.5,84.98,2.97,2023-04
2023-04-24,1256,62803.72,48,2.26,160.5,99.5,89.25,1.75,2023-04
2023-04-25,1220,61024.9,55,2.3,101.4,99.57,93.94,3.34,2023-04
2023-04-26,1195,59779.48,55,2.61,181.7,98.97,84.44,2.76,2023-04
2023-04-27,1205,60276.74,59,2.91,158.7,99.63,92.87,1.92,2023-04
2023-04-28,1222,61123.54,59,2.69,137.4,98.78,80.7,3.39,2023-04
2023-04-29,1221,61090.48,63,2.34,149.3,99.52,81.37,2.88,2023-04
2023-04-30,1221,61073.43,48,2.41,170.9,99.65,84.93,1.54,2023-04
2023-05-01,1154,57715.93,58,2.59,139.1,99.68,85.38,3.4,2023-05
2023-05-02,1172,58625.11,57,2.37,170.9,99.33,76.1,3.32,2023-05
2023-05-03,1233,61694.17,43,2.61,146.3,99.35,87.71,3.45,2023-05
2023-05-04,1292,64607.98,40,2.76,181.6,99.67,81.45,2.64,2023-05
2023-05-05,1168,58433.21,48,2.32,133.9,99.47,92.44,2.57,2023-05
2023-05-06,1183,59176.59,45,2.64,137.1,100.0,87.73,2.37,2023-05
2023-05-07,1139,56999.84,45,2.49,134.1,99.24,91.97,2.42,2023-05
2023-05-08,1155,57795.76,52,2.35,143.7,99.36,92.75,2.96,2023-05
2023-05-09,1205,60289.26,48,2.25,173.9,99.23,88.43,3.51,2023-05
2023-05-10,1179,58983.78,52,2.43,174.6,99.07,92.62,4.04,2023-05
2023-05-11,1178,58936.28,53,2.62,165.6,99.36,84.79,2.67,2023-05
2023-05-12,1171,58588.92,48,2.86,133.4,99.76,88.54,2.76,2023-05
2023-05-13,1247,62379.62,56,2.66,212.3,99.61,86.2,3.1,2023-05
2023-05-14,1295,64768.55,58,2.52,157.3,99.81,90.1,2.45,2023-05
2023-05-15,1090,54503.22,47,2.38,144.2,99.64,89.6,2.45,2023-05
2023-05-16,1135,56786.73,59,2.24,154.6,99.55,79.79,3.64,2023-05
2023-05-17,1258,62915.68,54,3.19,141.6,98.9,86.45,3.0,2023-05
2023-05-18,1161,58074.89,49,2.25,141.2,99.59,84.96,2.39,2023-05
2023-05-19,1109,55494.47,56,2.24,167.1,99.77,89.33,2.95,2023-05
2023-05-20,1065,53271.58,46,2.76,179.2,99.55,87.37,2.2,2023-05
2023-05-21,1121,56090.48,64,2.11,142.3,99.5,86.76,3.15,2023-05
2023-05-22,1124,56208.41,55,2.99,129.7,99.72,98.0,3.63,2023-05
2023-05-23,1216,60834.45,60,2.63,150.1,99.38,80.34,3.51,2023-05
2023-05-24,1131,56591.62,48,2.18,141.6,99.31,84.38,3.11,2023-05
2023-05-25,1180,59043.41,53,2.87,141.3,99.8,87.62,2.78,2023-05
2023-05-26,1240,62008.48,53,2.71,149.6,99.96,86.32,2.81,2023-05
2023-05-27,1089,54450.26,43,2.1,126.9,99.38,81.42,3.4,2023-05
2023-05-28,1199,59966.04,58,2.37,184.1,99.17,82.09,3.29,2023-05
2023-05-29,1124,56240.1,52,2.31,180.2,99.55,87.53,2.73,2023-05
2023-05-30,1168,58400.83,55,2.48,159.3,99.56,94.83,2.84,2023-05
2023-05-31,1262,63108.61,46,2.1,186.4,99.13,82.15,2.86,2023-05
2023-06-01,1149,57492.21,60,2.31,122.3,99.58,86.07,3.04,2023-06
2023-06-02,1199,59985.65,53,2.96,135.1,99.05,87.6,2.96,2023-06
2023-06-03,1154,57704.91,44,2.9,136.9,99.58,80.46,2.13,2023-06
2023-06-04,1174,58746.0,51,2.14,141.7,99.7,83.42,1.93,2023-06
2023-06-05,1179,58968.62,50,2.43,172.0,99.21,86.67,2.97,2023-06
2023-06-06,1202,60147.13,62,2.44,203.5,99.48,80.02,2.15,2023-06
2023-06-07,1098,54906.92,70,2.89,170.0,99.85,90.97,3.23,2023-06
2023-06-08,1175,58779.19,51,2.06,174.4,99.42,90.94,2.38,2023-06
2023-06-09,1246,62303.26,51,2.35,145.3,99.2,87.71,3.13,2023-06
2023-06-10,1115,55755.32,61,2.28,159.7,99.18,81.42,3.25,2023-06
2023-06-11,1181,59093.29,56,2.09,153.6,99.76,80.99,3.29,2023-06
2023-06-12,1127,56383.35,52,2.53,124.6,99.89,79.1,2.53,2023-06
2023-06-13,1076,53836.35,51,2.45,132.0,99.94,78.33,2.88,2023-06
2023-06-14,1129,56497.61,48,2.05,141.2,99.22,87.38,3.83,2023-06
2023-06-15,1098,54948.37,51,3.06,180.4,99.33,83.04,3.51,2023-06
2023-06-16,1104,55229.86,65,2.71,159.0,99.35,85.09,3.36,2023-06
2023-06-17,1119,55954.5,47,2.52,132.1,99.95,82.9,3.18,2023-06
2023-06-18,1206,60335.22,56,2.75,160.3,99.57,80.57,2.35,2023-06
2023-06-19,1128,56415.27,49,2.97,175.5,99.72,89.52,2.76,2023-06
2023-06-20,1127,56363.98,50,2.09,177.4,99.49,83.84,3.27,2023-06
2023-06-21,1134,56745.31,49,2.54,156.7,99.21,83.9,3.23,2023-06
2023-06-22,1079,53999.42,47,2.98,142.3,99.59,84.33,2.38,2023-06
2023-06-23,1101,55081.2,44,2.65,149.5,99.4,92.96,2.68,2023-06
2023-06-24,1127,56376.58,56,2.11,140.5,99.4,85.24,3.51,2023-06
2023-06-25,1120,56003.18,44,2.37,146.5,99.53,79.68,3.53,2023-06
2023-06-26,1149,57451.51,61,2.67,165.4,99.06,90.03,2.16,2023-06
2023-06-27,955,47795.87,47,2.04,147.5,99.5,87.51,3.4,2023-06
2023-06-28,1078,53910.35,49,2.77,159.6,99.75,91.54,2.51,2023-06
2023-06-29,1122,56129.49,49,2.84,176.6,99.4,86.98,3.45,2023-06
2023-06-30,1149,57454.68,60,2.17,169.3,99.88,82.44,2.65,2023-06
2023-07-01,1111,55568.19,48,2.07,153.7,99.27,85.35,2.66,2023-07
2023-07-02,1090,54506.83,49,2.41,149.4,99.8,79.91,2.77,2023-07
2023-07-03,1087,54372.71,37,2.8,158.0,99.99,85.57,2.75,2023-07
2023-07-04,1123,56184.77,49,2.14,137.8,99.5,86.28,3.46,2023-07
2023-07-05,1134,56726.71,39,2.94,161.3,99.47,71.58,3.17,2023-07
2023-07-06,1130,56542.85,49,2.5,125.0,100.0,85.43,3.56,2023-07
2023-07-07,1124,56225.91,54,2.67,162.2,99.55,81.9,3.65,2023-07
2023-07-08,1090,54530.24,49,2.96,146.8,99.82,85.14,2.69,2023-07
2023-07-09,1116,55847.4,54,3.03,157.5,99.51,92.02,3.43,2023-07
2023-07-10,1061,53064.01,50,2.68,170.8,98.74,79.31,2.72,2023-07
2023-07-11,1084,54235.76,51,1.99,133.0,99.43,91.05,3.33,2023-07
2023-07-12,1150,57534.44,54,2.6,182.6,98.89,80.23,3.59,2023-07
2023-07-13,1120,56044.87,53,2.26,153.2,99.54,79.18,4.19,2023-07
2023-07-14,1047,52383.62,55,2.34,117.4,99.95,89.64,3.44,2023-07
2023-07-15,1119,55986.87,49,3.2,165.5,99.26,80.77,2.91,2023-07
2023-07-16,1107,55380.12,54,2.35,151.3,99.54,77.25,3.54,2023-07
2023-07-17,1099,54997.9,48,2.54,154.5,99.75,84.22,3.05,2023-07
2023-07-18,1206,60347.82,61,2.64,148.1,99.63,87.65,3.25,2023-07
2023-07-19,1044,52236.64,71,2.77,129.6,99.07,95.66,3.45,2023-07
2023-07-20,1047,52361.97,52,2.28,182.9,99.23,97.46,3.09,2023-07
2023-07-21,1097,54886.25,61,2.64,162.9,99.54,87.12,3.06,2023-07
2023-07-22,1157,57864.27,64,2.15,162.6,99.78,89.88,3.14,2023-07
2023-07-23,1176,58838.97,56,2.02,160.5,99.66,90.46,3.23,2023-07
2023-07-24,1091,54562.45,48,2.26,138.5,99.36,89.04,3.28,2023-07
2023-07-25,1054,52726.62,52,2.58,131.0,100.0,83.11,3.14,2023-07
2023-07-26,1117,55859.73,50,2.27,144.2,99.14,87.68,2.55,2023-07
2023-07-27,1116,55806.18,47,2.97,165.5,99.12,92.1,2.86,2023-07
2023-07-28,1108,55441.55,42,2.44,133.4,99.8,81.25,3.77,2023-07
2023-07-29,1039,51991.06,59,2.09,170.6,99.65,89.65,3.45,2023-07
2023-07-30,1109,55495.74,52,2.12,174.0,99.51,74.42,2.05,2023-07
2023-07-31,1126,56337.8,61,2.56,175.3,99.73,84.46,2.68,2023-07
2023-08-01,1047,52357.96,55,1.81,159.3,99.12,83.57,2.6,2023-08
2023-08-02,992,49605.48,57,2.42,168.1,99.59,78.49,3.06,2023-08
2023-08-03,1120,56029.4,65,2.74,164.4,99.4,84.17,2.18,2023-08
2023-08-04,1126,56318.31,47,2.6,146.2,99.48,86.0,2.64,2023-08
2023-08-05,1069,53454.27,49,2.41,167.9,99.04,89.54,3.94,2023-08
2023-08-06,1044,52227.55,58,2.61,137.2,99.81,86.06,1.78,2023-08
2023-08-07,1070,53531.55,44,2.85,177.0,99.49,90.55,3.34,2023-08
2023-08-08,1048,52417.53,52,2.96,162.9,99.35,86.94,2.0,2023-08
2023-08-09,1051,52596.53,37,2.27,135.4,99.29,85.88,2.75,2023-08
2023-08-10,1066,53307.4,59,2.27,177.5,99.3,81.49,4.28,2023-08
2023-08-11,1002,50128.96,49,2.73,160.5,99.25,80.63,3.05,2023-08
2023-08-12,1120,56015.56,61,3.39,169.4,99.44,92.13,3.12,2023-08
2023-08-13,1026,51339.35,33,2.81,169.1,99.54,88.47,2.56,2023-08
2023-08-14,1054,52738.33,44,1.68,151.2,99.49,81.48,3.53,2023-08
2023-08-15,1090,54526.94,61,1.74,149.2,99.91,86.28,3.75,2023-08
2023-08-16,1016,50830.41,45,2.44,151.7,99.6,77.52,3.15,2023-08
2023-08-17,1040,52005.93,65,2.86,175.8,99.74,81.95,2.5,2023-08
2023-08-18,1139,56979.76,66,2.44,124.0,99.31,80.43,2.81,2023-08
2023-08-19,1018,50903.46,55,2.78,175.1,99.08,88.04,2.7,2023-08
2023-08-20,1052,52612.25,49,2.73,143.9,100.0,84.29,1.78,2023-08
2023-08-21,1046,52304.17,49,2.92,166.9,99.44,79.48,3.21,2023-08
2023-08-22,1093,54683.1,48,3.17,145.2,100.0,83.95,2.59,2023-08
2023-08-23,1057,52895.33,62,2.0,120.0,98.95,84.53,3.58,2023-08
2023-08-24,1058,52937.58,52,2.4,131.0,99.95,79.42,3.28,2023-08
2023-08-25,1005,50278.1,50,2.76,158.4,99.32,82.71,2.48,2023-08
2023-08-26,1045,52251.44,55,2.29,137.9,99.33,87.42,2.79,2023-08
2023-08-27,1066,53337.22,42,2.69,159.5,99.33,90.01,3.66,2023-08
2023-08-28,1000,50041.99,47,2.61,133.5,99.82,91.25,3.08,2023-08
2023-08-29,1065,53269.4,69,2.21,153.9,99.81,89.19,3.52,2023-08
2023-08-30,950,47527.2,40,2.82,150.9,99.82,84.76,3.56,2023-08
2023-08-31,1093,54685.63,58,2.28,116.8,99.52,79.34,2.35,2023-08
2023-09-01,1142,57143.78,46,2.21,183.7,99.5,83.37,2.8,2023-09
2023-09-02,1036,51836.37,48,2.6,139.9,99.52,77.37,2.85,2023-09
2023-09-03,1109,55484.37,58,2.15,150.6,99.35,89.41,3.7,2023-09
2023-09-04,1000,50004.18,51,2.83,135.3,99.73,85.8,3.37,2023-09
2023-09-05,1080,54023.41,52,2.36,131.5,99.42,93.2,3.21,2023-09
2023-09-06,1157,57865.62,48,2.48,153.0,99.74,82.5,3.51,2023-09
2023-09-07,1018,50931.18,50,2.28,163.2,99.89,85.05,3.18,2023-09
2023-09-08,1008,50432.27,54,2.43,138.5,99.71,89.83,3.16,2023-09
2023-09-09,1028,51444.66,48,2.69,140.1,99.57,86.13,3.34,2023-09
2023-09-10,1051,52564.63,46,2.53,142.8,99.36,78.21,2.83,2023-09
2023-09-11,1013,50680.08,57,2.05,151.9,99.43,86.44,3.01,2023-09
2023-09-12,1089,54481.09,53,2.68,162.1,100.0,79.34,2.96,2023-09
2023-09-13,1077,53860.57,44,2.2,167.2,98.96,87.18,3.34,2023-09
2023-09-14,1093,54673.35,61,2.56,127.6,99.42,77.4,3.36,2023-09
2023-09-15,1035,51752.95,50,2.68,138.6,99.38,84.17,3.23,2023-09
2023-09-16,1062,53109.11,35,2.46,152.1,100.0,82.05,3.53,2023-09
2023-09-17,1051,52589.85,49,2.36,170.4,99.5,78.54,2.19,2023-09
2023-09-18,1058,52917.67,46,2.57,155.1,99.49,80.35,3.09,2023-09
2023-09-19,1112,55604.31,46,2.18,144.8,99.22,80.18,3.12,2023-09
2023-09-20,1067,53374.79,58,2.5,141.2,99.52,74.31,2.71,2023-09
2023-09-21,1032,51632.3,58,2.42,162.4,99.49,81.99,3.31,2023-09
2023-09-22,981,49053.14,56,2.12,122.7,99.39,87.23,2.98,2023-09
2023-09-23,1012,50626.25,47,2.1,122.1,98.98,82.38,2.16,2023-09
2023-09-24,1061,53095.86,46,2.05,136.0,99.38,87.06,2.44,2023-09
2023-09-25,889,44494.15,45,2.64,166.9,99.94,82.38,2.79,2023-09
2023-09-26,1061,53074.21,50,2.41,154.3,99.89,85.52,3.56,2023-09
2023-09-27,1060,53045.53,57,2.89,192.5,99.24,80.58,3.93,2023-09
2023-09-28,1024,51213.67,55,2.94,111.1,99.52,94.25,3.38,2023-09
2023-09-29,1002,50129.31,45,2.45,144.6,100.0,77.83,2.58,2023-09
2023-09-30,1048,52442.12,53,2.29,143.9,98.98,80.19,2.89,2023-09
2023-10-01,1025,51283.29,43,2.77,127.9,99.27,91.32,2.69,2023-10
2023-10-02,1033,51674.48,54,2.89,169.7,99.21,85.51,3.04,2023-10
2023-10-03,1071,53555.78,50,2.37,131.6,99.85,77.24,3.45,2023-10
2023-10-04,1024,51213.98,41,2.39,136.4,99.55,91.34,2.93,2023-10
2023-10-05,1113,55671.7,44,2.73,133.8,99.78,75.95,3.51,2023-10
2023-10-06,1037,51878.51,44,2.5,145.4,99.72,85.58,3.74,2023-10
2023-10-07,1007,50396.83,50,2.69,193.2,99.94,83.36,3.01,2023-10
2023-10-08,898,44923.58,50,2.65,156.2,99.11,83.48,2.9,2023-10
2023-10-09,1048,52437.91,31,2.37,140.7,99.22,87.47,2.21,2023-10
2023-10-10,971,48593.43,51,3.0,117.1,99.6,76.29,2.07,2023-10
2023-10-11,988,49436.5,49,2.2,134.5,99.3,85.69,3.61,2023-10
2023-10-12,1098,54917.54,52,2.22,126.9,99.19,79.99,3.08,2023-10
2023-10-13,1122,56115.97,53,2.78,141.6,99.7,81.91,2.39,2023-10
2023-10-14,1018,50939.26,48,2.57,156.0,99.83,92.49,3.28,2023-10
2023-10-15,1041,52074.57,35,2.18,133.3,99.24,82.81,2.18,2023-10
2023-10-16,1063,53183.56,50,2.35,148.9,99.42,87.22,2.83,2023-10
2023-10-17,993,49694.64,51,2.33,177.9,99.7,87.08,3.05,2023-10
2023-10-18,1091,54562.28,48,3.03,182.9,99.93,83.62,3.13,2023-10
2023-10-19,1042,52113.61,56,1.87,143.2,99.47,79.63,3.48,2023-10
2023-10-20,1074,53722.86,56,3.13,157.1,98.98,76.31,3.31,2023-10
2023-10-21,1040,52021.63,54,2.7,138.9,99.12,76.36,2.36,2023-10
2023-10-22,931,46573.41,46,2.3,150.3,99.27,73.76,3.6,2023-10
2023-10-23,1087,54394.5,60,2.21,166.9,99.35,70.0,1.99,2023-10
2023-10-24,1072,53648.15,41,2.6,186.2,99.62,85.35,3.49,2023-10
2023-10-25,1128,56447.62,50,2.1,159.6,99.97,85.84,3.36,2023-10
2023-10-26,952,47625.91,52,2.25,141.3,99.42,90.4,3.05,2023-10
2023-10-27,1042,52134.2,59,2.76,111.2,99.53,82.76,2.56,2023-10
2023-10-28,993,49688.48,60,2.5,135.4,99.86,79.91,2.61,2023-10
2023-10-29,1124,56209.92,59,2.47,210.8,99.82,88.82,3.18,2023-10
2023-10-30,1064,53204.72,51,2.47,134.9,99.6,88.4,3.79,2023-10
2023-10-31,1052,52610.36,55,2.5,116.0,99.95,81.74,2.02,2023-10
2023-11-01,1088,54447.14,61,2.1,125.7,98.94,82.24,3.35,2023-11
2023-11-02,968,48416.79,39,2.94,160.2,99.55,84.1,3.64,2023-11
2023-11-03,1017,50851.22,57,2.4,128.1,99.46,82.59,3.35,2023-11
2023-11-04,980,49022.83,57,2.26,138.6,99.7,93.24,2.5,2023-11
2023-11-05,1085,54268.2,55,2.24,135.6,99.43,80.85,1.73,2023-11
2023-11-06,1033,51687.2,58,1.89,143.0,99.58,82.83,3.0,2023-11
2023-11-07,1028,51441.21,54,2.36,158.6,99.41,79.03,1.78,2023-11
2023-11-08,968,48428.7,53,2.83,181.5,99.6,77.27,2.58,2023-11
2023-11-09,1044,52204.31,55,2.31,142.0,99.52,80.43,2.4,2023-11
2023-11-10,1149,57456.23,37,1.98,117.9,99.86,83.96,3.25,2023-11
2023-11-11,999,49978.62,53,2.34,138.8,99.85,80.41,3.87,2023-11
2023-11-12,1078,53907.19,39,2.04,169.9,99.45,77.58,2.99,2023-11
2023-11-13,1200,60029.29,63,2.79,170.5,99.15,78.72,3.93,2023-11
2023-11-14,1118,55930.71,49,2.64,139.2,99.43,81.25,2.36,2023-11
2023-11-15,1040,52049.15,57,2.18,137.6,99.43,83.2,3.38,2023-11
2023-11-16,1042,52110.97,55,1.95,148.2,99.26,86.14,3.65,2023-11
2023-11-17,1031,51569.3,60,2.31,142.9,99.08,85.24,2.83,2023-11
2023-11-18,1117,55867.14,63,2.27,164.2,99.49,83.23,2.71,2023-11
2023-11-19,978,48944.06,50,2.73,156.2,99.33,92.78,2.47,2023-11
2023-11-20,1141,57077.05,59,2.59,122.3,99.5,85.14,3.71,2023-11
2023-11-21,1046,52311.14,50,2.38,115.2,99.24,88.49,3.11,2023-11
2023-11-22,1021,51064.66,49,2.16,156.1,99.47,88.42,3.17,2023-11
2023-11-23,1023,51157.75,49,2.58,174.8,99.31,77.32,3.6,2023-11
2023-11-24,1092,54630.05,60,2.89,155.4,98.81,90.68,2.06,2023-11
2023-11-25,1115,55768.09,46,2.24,173.3,99.62,89.37,3.12,2023-11
2023-11-26,1060,53041.0,43,2.58,181.9,99.75,83.28,4.15,2023-11
2023-11-27,1046,52321.43,58,2.69,122.1,99.44,86.68,2.84,2023-11
2023-11-28,1109,55485.67,48,2.57,136.6,99.6,82.93,4.14,2023-11
2023-11-29,1112,55634.18,60,2.66,133.9,99.52,83.92,3.51,2023-11
2023-11-30,1019,50978.2,44,2.49,157.7,99.88,86.15,3.47,2023-11
2023-12-01,1022,51145.8,55,2.42,117.2,99.54,84.55,3.24,2023-12
2023-12-02,1084,54243.89,46,2.66,145.1,99.4,88.49,2.9,2023-12
2023-12-03,1100,55036.42,57,2.55,140.4,99.18,84.67,2.48,2023-12
2023-12-04,1123,56163.56,40,2.72,137.7,98.98,88.09,3.47,2023-12
2023-12-05,999,49957.71,53,2.48,119.1,99.58,80.84,2.93,2023-12
2023-12-06,1105,55286.28,43,2.84,133.5,99.62,87.12,2.87,2023-12
2023-12-07,1152,57606.36,43,2.69,127.7,99.71,87.81,3.44,2023-12
2023-12-08,1125,56269.76,52,1.89,176.8,99.78,81.94,2.56,2023-12
2023-12-09,1098,54941.04,34,3.0,153.5,99.31,85.29,2.93,2023-12
2023-12-10,1143,57199.84,60,2.96,157.7,99.78,73.06,3.36,2023-12
2023-12-11,1120,56037.93,66,2.23,154.2,99.8,87.41,2.96,2023-12
2023-12-12,1120,56042.65,49,2.73,194.1,99.37,91.3,1.92,2023-12
2023-12-13,1089,54478.9,46,1.87,143.3,99.1,81.44,2.83,2023-12
2023-12-14,1068,53418.99,57,2.91,167.3,99.34,86.4,3.24,2023-12
2023-12-15,1076,53840.46,41,2.69,149.3,99.4,87.76,2.34,2023-12
2023-12-16,1184,59239.17,55,2.91,137.3,99.59,87.46,2.74,2023-12
2023-12-17,1120,56016.11,45,3.03,127.8,99.38,75.68,2.46,2023-12
2023-12-18,1187,59350.1,61,2.17,154.2,100.0,84.38,3.05,2023-12
2023-12-19,1116,55809.53,54,2.4,169.1,99.49,84.88,3.21,2023-12
2023-12-20,1111,55581.05,56,2.78,156.9,99.25,83.01,3.23,2023-12
2023-12-21,1135,56779.08,51,2.66,139.1,99.51,82.89,1.99,2023-12
2023-12-22,1200,60049.83,46,2.44,137.0,99.5,81.58,4.03,2023-12
2023-12-23,1082,54116.25,54,2.55,151.1,99.46,86.64,3.18,2023-12
2023-12-24,1147,57377.35,54,2.2,177.9,99.93,79.8,2.78,2023-12
2023-12-25,1116,55844.95,54,1.93,158.8,99.77,84.61,3.47,2023-12
2023-12-26,1111,55551.99,67,2.57,159.6,99.42,92.41,3.11,2023-12
2023-12-27,1175,58754.73,49,2.9,155.1,99.37,96.04,2.8,2023-12
2023-12-28,1095,54751.81,50,2.25,145.6,99.44,84.26,2.83,2023-12
2023-12-29,1198,59914.57,51,2.93,118.5,99.41,83.11,3.87,2023-12
2023-12-30,1155,57750.97,50,2.7,128.4,99.0,81.5,2.71,2023-12
2023-12-31,1225,61267.79,57,2.18,182.8,99.83,85.78,3.09,2023-12
2024-01-01,1176,58815.66,52,2.32,145.8,99.32,79.76,3.27,2024-01
2024-01-02,1145,57275.96,55,2.77,119.3,99.4,85.9,3.55,2024-01
2024-01-03,1052,52609.92,55,2.51,123.6,99.41,83.26,2.04,2024-01
2024-01-04,1118,55936.3,43,2.63,149.6,99.54,83.78,3.04,2024-01
2024-01-05,1127,56353.8,60,2.52,183.6,99.54,77.85,2.76,2024-01
2024-01-06,1237,61859.39,50,2.14,128.5,99.87,91.57,2.99,2024-01
2024-01-07,1156,57836.41,51,2.63,150.0,99.38,90.46,3.42,2024-01
2024-01-08,1131,56582.01,36,2.71,163.7,99.7,83.24,2.12,2024-01
2024-01-09,1188,59418.31,61,2.76,131.8,99.58,88.95,2.91,2024-01
2024-01-10,1146,57323.86,43,2.84,153.6,99.41,79.34,3.66,2024-01
2024-01-11,1260,63045.91,60,2.44,161.1,99.64,86.74,2.9,2024-01
2024-01-12,1186,59339.68,55,2.26,144.4,99.52,85.44,3.21,2024-01
2024-01-13,1126,56327.97,56,2.54,141.5,99.17,81.33,3.53,2024-01
2024-01-14,1276,63849.04,45,2.61,165.4,99.65,83.47,3.41,2024-01
2024-01-15,1144,57232.6,50,2.0,177.8,99.16,85.13,3.15,2024-01
2024-01-16,1147,57350.48,53,2.24,151.5,99.07,88.0,3.05,2024-01
2024-01-17,1174,58714.98,54,2.65,155.8,99.37,84.77,3.73,2024-01
2024-01-18,1197,59878.66,48,2.22,186.5,99.66,86.04,2.45,2024-01
2024-01-19,1228,61425.04,58,2.41,140.1,99.38,81.62,2.69,2024-01
2024-01-20,1177,58877.65,51,2.75,122.1,99.52,91.46,3.54,2024-01
2024-01-21,1239,61992.98,48,2.92,137.4,99.68,82.34,2.36,2024-01
2024-01-22,1179,58953.39,52,2.79,148.3,99.77,83.06,2.84,2024-01
2024-01-23,1167,58374.14,48,2.56,125.5,100.0,77.4,2.94,2024-01
2024-01-24,1078,53909.29,58,2.72,165.7,98.93,78.56,2.83,2024-01
2024-01-25,1157,57868.43,45,2.46,167.6,99.47,78.96,1.95,2024-01
2024-01-26,1296,64819.85,60,2.47,131.7,99.98,81.89,3.13,2024-01
2024-01-27,1219,60952.44,46,2.95,159.7,99.52,73.08,2.88,2024-01
2024-01-28,1273,63650.57,54,2.69,154.8,99.79,81.58,2.93,2024-01
2024-01-29,1166,58344.48,56,2.61,141.4,98.96,84.57,2.55,2024-01
2024-01-30,1163,58182.63,45,2.29,125.8,100.0,80.85,3.34,2024-01
2024-01-31,1232,61647.72,52,2.38,132.3,99.47,85.25,2.79,2024-01
2024-02-01,1150,57512.59,50,2.99,181.7,99.38,80.91,3.21,2024-02
2024-02-02,1235,61779.97,42,2.78,161.8,99.51,81.07,2.72,2024-02
2024-02-03,1219,60979.19,56,2.56,161.0,99.48,84.07,2.85,2024-02
2024-02-04,1275,63795.61,56,2.69,144.3,99.59,83.72,2.86,2024-02
2024-02-05,1219,60978.4,49,2.56,160.0,99.19,93.03,3.36,2024-02
2024-02-06,1250,62523.73,64,2.27,118.3,99.43,85.92,2.39,2024-02
2024-02-07,1239,61990.7,56,2.7,166.0,99.28,81.03,2.07,2024-02
2024-02-08,1278,63942.97,49,2.14,174.0,99.55,85.19,3.87,2024-02
2024-02-09,1197,59854.93,44,2.76,184.2,99.36,84.43,3.2,2024-02
2024-02-10,1244,62233.07,61,2.64,149.7,99.46,82.46,2.99,2024-02
2024-02-11,1245,62288.3,53,2.8,159.4,99.45,88.36,1.79,2024-02
2024-02-12,1272,63605.53,48,2.31,194.8,99.38,92.33,2.96,2024-02
2024-02-13,1166,58347.05,46,2.35,172.6,99.7,88.59,3.85,2024-02
2024-02-14,1320,66038.69,52,2.59,134.9,99.16,84.23,2.98,2024-02
2024-02-15,1249,62485.88,59,2.37,129.6,99.62,89.39,2.08,2024-02
2024-02-16,1305,65271.95,51,2.36,166.5,99.55,90.39,2.87,2024-02
2024-02-17,1223,61191.87,54,2.88,153.7,99.83,78.53,3.58,2024-02
2024-02-18,1197,59890.32,44,2.75,133.5,99.34,87.88,2.24,2024-02
2024-02-19,1257,62888.66,48,2.77,127.6,99.4,86.17,3.79,2024-02
2024-02-20,1210,60507.88,50,2.01,173.4,99.59,85.81,3.0,2024-02
2024-02-21,1191,59579.18,55,2.42,129.5,99.34,86.72,2.65,2024-02
2024-02-22,1244,62243.58,46,2.1,173.3,99.16,78.58,3.2,2024-02
2024-02-23,1244,62205.57,63,2.57,140.0,99.64,78.61,2.36,2024-02
2024-02-24,1247,62385.32,41,2.71,121.6,100.0,86.9,3.59,2024-02
2024-02-25,1223,61154.41,51,2.83,161.4,99.54,92.87,2.01,2024-02
2024-02-26,1227,61376.71,45,2.9,100.8,99.65,84.49,2.83,2024-02
2024-02-27,1281,64093.48,48,2.5,184.2,99.38,77.28,3.47,2024-02
2024-02-28,1310,65522.39,61,2.9,159.6,99.4,80.3,2.54,2024-02
2024-02-29,1288,64431.16,57,2.06,178.4,99.72,82.28,2.8,2024-02
2024-03-01,1276,63800.85,61,2.5,132.6,99.25,92.34,3.04,2024-03
2024-03-02,1275,63784.16,62,2.97,142.2,99.64,81.76,3.42,2024-03
2024-03-03,1238,61923.91,54,2.59,185.5,100.0,82.06,3.18,2024-03
2024-03-04,1211,60575.11,53,2.03,142.7,99.33,92.95,3.08,2024-03
2024-03-05,1231,61570.96,59,2.32,131.2,99.33,85.68,3.56,2024-03
2024-03-06,1239,61981.8,44,3.15,148.3,99.67,80.69,3.17,2024-03
2024-03-07,1295,64772.49,57,2.39,149.4,99.02,83.47,2.48,2024-03
2024-03-08,1274,63725.49,62,2.09,135.9,99.53,90.09,3.61,2024-03
2024-03-09,1267,63387.31,52,2.13,132.6,100.0,83.72,2.58,2024-03
2024-03-10,1213,60665.59,59,2.49,196.4,99.87,89.1,2.9,2024-03
2024-03-11,1253,62684.54,50,2.54,115.8,99.31,90.53,3.52,2024-03
2024-03-12,1325,66271.02,52,2.49,162.2,100.0,86.8,3.28,2024-03
2024-03-13,1315,65758.93,67,2.39,185.6,99.53,89.05,2.66,2024-03
2024-03-14,1229,61483.92,53,2.59,186.4,99.39,81.86,2.23,2024-03
2024-03-15,1288,64410.06,44,2.41,146.8,99.39,78.36,2.17,2024-03
2024-03-16,1328,66440.49,51,2.48,184.3,99.36,91.58,3.43,2024-03
2024-03-17,1325,66299.86,48,2.93,150.3,100.0,81.68,2.6,2024-03
2024-03-18,1297,64897.11,57,2.22,145.5,99.29,80.54,2.78,2024-03
2024-03-19,1273,63659.05,55,2.74,158.5,99.59,82.67,2.6,2024-03
2024-03-20,1325,66296.56,55,2.41,157.8,99.38,84.22,2.69,2024-03
2024-03-21,1189,59453.19,62,2.05,140.7,99.42,85.62,3.12,2024-03
2024-03-22,1266,63347.3,51,2.66,138.6,98.63,78.73,3.99,2024-03
2024-03-23,1263,63175.93,47,2.36,140.9,99.56,98.0,3.03,2024-03
2024-03-24,1203,60167.84,55,2.83,138.6,99.73,86.67,2.68,2024-03
2024-03-25,1162,58138.39,54,2.92,170.6,98.96,89.71,3.06,2024-03
2024-03-26,1325,66272.78,52,2.98,162.9,99.54,90.26,2.63,2024-03
2024-03-27,1260,63009.29,46,2.58,154.6,99.43,89.39,4.17,2024-03
2024-03-28,1256,62822.42,45,2.75,141.6,99.38,90.92,3.58,2024-03
2024-03-29,1298,64934.0,58,2.07,145.7,99.29,88.35,3.11,2024-03
2024-03-30,1256,62845.23,48,2.66,189.1,99.73,84.17,3.27,2024-03
2024-03-31,1149,57479.8,40,2.66,175.7,99.51,87.23,3.41,2024-03
2024-04-01,1272,63646.61,52,2.04,128.6,99.5,90.56,3.75,2024-04
2024-04-02,1266,63332.55,56,2.42,165.0,100.0,93.83,2.86,2024-04
2024-04-03,1222,61114.97,49,2.87,172.2,99.37,98.0,2.79,2024-04
2024-04-04,1395,69768.04,56,2.25,157.9,99.23,87.47,1.94,2024-04
2024-04-05,1267,63362.01,56,2.81,159.8,99.37,88.37,3.05,2024-04
2024-04-06,1278,63945.6,60,1.67,163.7,99.68,81.38,2.49,2024-04
2024-04-07,1311,65556.94,60,2.11,139.5,99.6,89.96,2.52,2024-04
2024-04-08,1395,69778.57,57,2.57,151.2,99.19,91.64,3.24,2024-04
2024-04-09,1269,63476.24,65,2.68,139.7,99.73,78.05,2.65,2024-04
2024-04-10,1254,62701.22,48,2.45,175.1,99.62,79.29,3.77,2024-04
2024-04-11,1318,65922.21,61,3.51,119.9,99.33,83.07,3.5,2024-04
2024-04-12,1287,64354.45,51,1.86,176.9,99.76,86.81,2.37,2024-04
2024-04-13,1198,59918.23,50,2.39,146.1,100.0,83.48,2.89,2024-04
2024-04-14,1339,66950.1,57,2.5,136.1,99.8,81.1,3.6,2024-04
2024-04-15,1312,65639.97,55,2.45,171.8,99.52,85.26,3.42,2024-04
2024-04-16,1296,64816.27,56,2.32,132.9,100.0,87.36,2.26,2024-04
2024-04-17,1231,61596.7,57,2.43,119.4,99.65,88.71,2.54,2024-04
2024-04-18,1276,63846.88,50,2.57,178.6,99.66,83.35,3.69,2024-04
2024-04-19,1304,65204.71,56,2.51,157.1,99.49,92.63,2.75,2024-04
2024-04-20,1290,64547.26,55,2.52,193.7,99.75,85.47,3.04,2024-04
2024-04-21,1302,65122.86,46,2.71,131.8,99.36,87.32,2.59,2024-04
2024-04-22,1254,62710.16,42,2.91,145.5,98.9,82.67,3.31,2024-04
2024-04-23,1331,66578.95,55,2.35,139.1,99.51,87.11,4.38,2024-04
2024-04-24,1233,61658.27,46,2.26,131.8,99.01,85.62,2.04,2024-04
2024-04-25,1307,65385.81,54,2.15,147.1,99.14,92.87,2.29,2024-04
2024-04-26,1318,65923.75,48,2.6,137.8,99.41,81.47,3.58,2024-04
2024-04-27,1317,65887.92,61,2.55,179.3,99.21,81.75,3.27,2024-04
2024-04-28,1210,60510.0,51,2.7,180.3,99.18,82.74,2.13,2024-04
2024-04-29,1352,67611.09,50,2.17,156.1,99.91,84.2,2.3,2024-04
2024-04-30,1259,62970.02,55,2.67,152.4,99.13,87.72,3.54,2024-04
2024-05-01,1269,63456.7,57,2.22,136.0,99.42,79.83,2.12,2024-05
2024-05-02,1288,64401.35,46,2.63,167.4,99.16,91.43,3.1,2024-05
2024-05-03,1289,64471.22,53,2.41,143.6,99.1,82.62,2.7,2024-05
2024-05-04,1220,61002.66,60,3.01,152.1,99.11,85.16,3.86,2024-05
2024-05-05,1268,63446.76,56,2.49,146.7,99.1,79.66,1.83,2024-05
2024-05-06,1364,68220.69,56,2.56,139.5,100.0,88.89,2.99,2024-05
2024-05-07,1422,71113.96,41,2.18,180.5,99.28,80.4,2.73,2024-05
2024-05-08,1339,66972.64,46,2.85,157.0,100.0,87.29,3.45,2024-05
2024-05-09,1220,61020.42,45,2.2,167.1,99.48,91.88,3.44,2024-05
2024-05-10,1238,61906.6,57,2.57,193.2,99.56,84.84,2.73,2024-05
2024-05-11,1223,61171.73,58,2.51,159.0,100.0,85.68,2.6,2024-05
2024-05-12,1196,59829.85,46,2.56,118.6,99.57,80.35,4.11,2024-05
2024-05-13,1220,61048.88,58,2.87,159.1,99.58,81.19,2.3,2024-05
2024-05-14,1228,61420.74,46,2.46,175.0,100.0,83.61,2.84,2024-05
2024-05-15,1266,63306.46,48,2.29,144.8,99.74,84.91,3.08,2024-05
2024-05-16,1268,63402.63,51,2.48,149.9,100.0,84.83,2.69,2024-05
2024-05-17,1251,62550.85,49,2.63,136.8,99.68,83.35,3.45,2024-05
2024-05-18,1259,62992.42,58,2.18,131.8,99.44,82.94,3.42,2024-05
2024-05-19,1193,59695.52,56,2.42,159.6,99.42,86.18,3.33,2024-05
2024-05-20,1266,63328.37,63,2.12,133.3,99.8,87.59,2.41,2024-05
2024-05-21,1177,58883.63,68,2.8,160.4,99.42,88.09,3.38,2024-05
2024-05-22,1260,63041.55,59,2.14,148.7,99.41,81.65,2.67,2024-05
2024-05-23,1418,70941.64,51,2.7,149.9,99.2,92.31,3.31,2024-05
2024-05-24,1235,61757.44,43,2.82,135.9,99.46,91.38,3.27,2024-05
2024-05-25,1315,65791.95,49,2.45,144.3,99.46,82.2,3.15,2024-05
2024-05-26,1231,61563.99,41,2.63,125.9,100.0,86.93,1.95,2024-05
2024-05-27,1272,63647.13,65,2.57,124.7,99.28,85.97,2.87,2024-05
2024-05-28,1233,61689.11,53,2.04,167.2,99.61,87.42,2.78,2024-05
2024-05-29,1253,62663.08,51,2.85,164.5,99.93,86.57,2.31,2024-05
2024-05-30,1250,62542.34,60,2.98,147.0,99.42,84.13,2.79,2024-05
2024-05-31,1274,63732.66,50,2.01,169.5,99.71,88.39,2.84,2024-05
2024-06-01,1271,63591.31,67,2.4,155.0,99.19,85.42,1.9,2024-06
2024-06-02,1284,64209.49,47,2.31,152.6,99.47,90.15,3.07,2024-06
2024-06-03,1245,62256.73,52,2.45,137.1,99.16,82.38,2.85,2024-06
2024-06-04,1310,65528.89,49,2.87,164.2,99.4,83.65,3.7,2024-06
2024-06-05,1221,61082.11,52,2.0,164.9,99.82,77.75,3.11,2024-06
2024-06-06,1197,59851.55,51,2.99,180.4,99.49,84.47,3.2,2024-06
2024-06-07,1289,64471.59,57,2.44,140.5,99.16,82.36,3.57,2024-06
2024-06-08,1246,62300.3,43,2.77,139.4,98.93,74.61,3.72,2024-06
2024-06-09,1224,61224.74,61,2.73,165.2,99.66,80.96,3.55,2024-06
2024-06-10,1115,55780.18,51,2.75,149.6,99.77,89.37,3.27,2024-06
2024-06-11,1182,59112.65,49,2.01,143.5,98.69,76.67,2.39,2024-06
2024-06-12,1264,63214.6,55,2.56,173.5,99.89,81.39,2.96,2024-06
2024-06-13,1152,57615.97,64,2.32,153.8,99.88,90.87,3.02,2024-06
2024-06-14,1283,64173.76,59,2.14,147.6,99.32,82.08,3.74,2024-06
2024-06-15,1186,59305.14,53,2.74,165.9,99.53,84.7,2.07,2024-06
2024-06-16,1136,56836.52,56,2.59,167.2,99.29,74.85,2.1,2024-06
2024-06-17,1178,58926.64,45,3.04,175.7,99.37,86.9,2.6,2024-06
2024-06-18,1214,60713.91,54,2.23,136.6,100.0,84.1,3.01,2024-06
2024-06-19,1105,55271.09,57,2.45,159.2,99.75,82.54,3.73,2024-06
2024-06-20,1187,59394.3,51,2.17,156.7,99.34,74.15,2.1,2024-06
2024-06-21,1256,62818.12,53,2.31,130.7,99.6,84.05,3.2,2024-06
2024-06-22,1191,59570.35,40,2.22,149.5,99.35,79.87,2.65,2024-06
2024-06-23,1232,61642.95,43,2.12,148.9,99.18,81.87,2.88,2024-06
2024-06-24,1185,59291.54,52,2.15,139.8,98.92,78.34,2.93,2024-06
2024-06-25,1203,60150.36,48,2.25,134.2,99.75,83.47,3.14,2024-06
2024-06-26,1286,64313.22,52,2.54,150.8,99.35,85.81,4.03,2024-06
2024-06-27,1241,62084.89,53,1.85,157.8,99.89,96.87,2.61,2024-06
2024-06-28,1283,64178.46,45,2.34,120.3,99.69,88.15,2.53,2024-06
2024-06-29,1217,60868.53,42,3.17,159.4,99.62,87.25,2.64,2024-06
2024-06-30,1134,56709.85,58,2.85,157.2,99.65,77.67,2.61,2024-06
2024-07-01,1153,57685.6,43,2.6,133.2,98.67,85.39,2.93,2024-07
2024-07-02,1234,61741.59,56,2.23,185.1,99.32,89.25,3.39,2024-07
2024-07-03,1291,64566.87,59,2.88,151.5,99.82,92.71,2.16,2024-07
2024-07-04,1183,59181.03,57,2.83,154.1,99.01,95.13,3.17,2024-07
2024-07-05,1129,56460.39,46,2.6,142.1,99.62,86.61,3.03,2024-07
2024-07-06,1202,60127.27,48,2.28,156.8,99.04,84.91,3.3,2024-07
2024-07-07,1187,59353.22,42,2.03,130.7,98.64,86.22,2.95,2024-07
2024-07-08,1152,57638.22,47,2.8,140.4,99.19,90.19,3.3,2024-07
2024-07-09,1049,52460.79,46,2.55,126.8,99.61,76.17,2.84,2024-07
2024-07-10,1170,58536.63,51,2.38,140.9,98.82,90.97,2.74,2024-07
2024-07-11,1143,57199.26,44,2.63,175.3,99.77,82.69,3.08,2024-07
2024-07-12,1128,56416.13,63,2.67,122.1,99.52,83.03,3.19,2024-07
2024-07-13,1158,57916.19,49,2.65,137.0,99.43,85.0,3.83,2024-07
2024-07-14,1136,56803.89,55,2.25,142.3,99.15,78.83,3.48,2024-07
2024-07-15,1129,56482.8,42,2.93,131.7,99.41,81.3,3.77,2024-07
2024-07-16,1175,58777.18,50,2.47,132.6,99.84,94.55,1.7,2024-07
2024-07-17,1147,57399.4,53,2.36,155.5,99.93,86.62,2.27,2024-07
2024-07-18,1086,54300.45,43,2.26,108.0,99.61,97.53,2.92,2024-07
2024-07-19,1124,56200.82,48,2.3,162.4,99.86,83.43,2.84,2024-07
2024-07-20,1245,62297.72,53,2.27,153.8,99.61,95.19,2.73,2024-07
2024-07-21,1111,55552.52,63,2.39,145.7,99.75,78.29,2.58,2024-07
2024-07-22,1178,58940.33,59,2.63,119.2,99.45,92.81,2.52,2024-07
2024-07-23,1128,56427.46,63,2.71,146.2,99.4,84.48,2.44,2024-07
2024-07-24,1132,56636.07,61,2.21,176.3,99.85,86.2,2.72,2024-07
2024-07-25,1194,59703.39,49,2.43,143.7,98.81,85.3,2.87,2024-07
2024-07-26,1139,56983.62,58,2.49,145.2,99.17,84.59,2.94,2024-07
2024-07-27,1139,56970.42,47,2.08,129.4,98.77,85.7,1.98,2024-07
2024-07-28,1147,57353.29,49,2.36,153.0,99.93,82.95,3.14,2024-07
2024-07-29,1103,55195.41,48,2.5,176.9,99.86,79.01,3.35,2024-07
2024-07-30,1085,54299.12,41,2.77,143.9,99.72,82.35,3.09,2024-07
2024-07-31,1197,59866.6,49,2.82,156.3,99.67,82.0,2.93,2024-07
2024-08-01,1106,55346.63,52,2.23,157.1,99.31,81.44,3.49,2024-08
2024-08-02,1198,59948.16,46,2.97,137.1,99.58,81.18,2.23,2024-08
2024-08-03,1081,54054.33,51,2.23,147.1,99.55,75.53,3.11,2024-08
2024-08-04,1174,58709.04,57,2.54,128.0,99.34,82.71,3.31,2024-08
2024-08-05,1095,54752.22,59,2.3,156.0,99.57,87.63,2.48,2024-08
2024-08-06,1134,56733.52,62,2.81,180.4,99.73,82.17,3.1,2024-08
2024-08-07,1144,57226.72,63,2.58,114.5,99.53,77.46,3.48,2024-08
2024-08-08,1075,53758.86,63,2.33,150.7,99.08,87.24,2.67,2024-08
2024-08-09,1121,56096.65,49,2.49,188.4,100.0,95.44,3.34,2024-08
2024-08-10,1063,53195.43,52,2.79,159.1,99.69,80.86,3.46,2024-08
2024-08-11,1088,54447.41,54,2.62,149.9,99.64,91.65,2.81,2024-08
2024-08-12,1101,55088.28,60,2.15,141.0,99.02,87.36,3.03,2024-08
2024-08-13,1111,55561.06,59,2.8,142.4,99.77,79.58,3.03,2024-08
2024-08-14,1120,56013.56,44,2.85,132.4,100.0,80.84,3.1,2024-08
2024-08-15,1123,56186.78,51,2.69,179.2,99.26,85.44,3.16,2024-08
2024-08-16,1113,55676.96,45,2.14,139.4,100.0,82.32,2.9,2024-08
2024-08-17,1005,50277.55,45,2.81,164.1,99.77,83.48,3.24,2024-08
2024-08-18,1213,60666.64,57,2.25,145.2,99.39,87.45,2.23,2024-08
2024-08-19,1053,52668.7,47,2.29,161.5,99.09,79.04,2.53,2024-08
2024-08-20,1152,57632.08,59,1.83,169.6,99.51,88.16,3.09,2024-08
2024-08-21,1052,52601.06,52,1.97,121.8,99.94,91.69,3.06,2024-08
2024-08-22,1147,57381.97,31,2.31,160.2,99.05,83.6,2.3,2024-08
2024-08-23,1180,59020.37,47,2.93,138.6,99.85,80.34,3.13,2024-08
2024-08-24,1085,54292.04,54,2.57,100.9,99.9,83.38,2.81,2024-08
2024-08-25,1112,55617.75,49,2.76,144.7,98.66,92.87,2.42,2024-08
2024-08-26,1157,57877.66,62,2.38,156.1,99.58,90.98,3.1,2024-08
2024-08-27,1106,55310.78,52,2.47,153.7,99.56,84.66,3.3,2024-08
2024-08-28,1130,56522.65,62,2.01,113.1,99.26,85.15,2.71,2024-08
2024-08-29,1135,56750.17,47,2.73,154.7,99.08,89.56,2.73,2024-08
2024-08-30,1141,57063.09,65,2.07,146.1,99.95,94.53,3.23,2024-08
2024-08-31,1060,53007.67,43,2.77,177.1,99.33,91.0,2.42,2024-08
2024-09-01,1078,53916.78,49,2.55,166.3,99.48,94.47,2.59,2024-09
2024-09-02,1148,57418.87,55,2.64,129.3,99.28,91.35,2.36,2024-09
2024-09-03,1125,56258.64,49,2.52,162.3,99.43,87.57,2.36,2024-09
2024-09-04,1119,55994.13,57,2.51,158.0,99.63,82.93,2.15,2024-09
2024-09-05,1177,58882.97,66,2.6,169.1,99.41,84.83,3.01,2024-09
2024-09-06,1118,55911.57,54,2.82,134.9,99.47,83.94,2.85,2024-09
2024-09-07,1244,62214.38,51,3.44,145.1,99.56,83.96,2.74,2024-09
2024-09-08,1090,54507.61,54,2.75,134.6,99.52,81.72,3.53,2024-09
2024-09-09,1136,56805.18,55,2.48,147.6,99.83,88.62,2.87,2024-09
2024-09-10,1112,55613.43,61,3.17,152.6,99.61,93.73,2.42,2024-09
2024-09-11,1217,60878.35,55,2.26,177.5,99.68,90.55,2.72,2024-09
2024-09-12,1128,56418.51,37,2.5,161.7,99.36,90.13,3.1,2024-09
2024-09-13,1177,58860.48,59,3.04,133.7,99.27,85.78,3.49,2024-09
2024-09-14,1124,56233.26,57,2.8,142.8,99.42,81.5,4.28,2024-09
2024-09-15,1080,54020.77,51,2.23,155.7,99.46,88.09,2.81,2024-09
2024-09-16,1121,56078.75,67,2.49,128.7,99.88,81.45,2.79,2024-09
2024-09-17,1130,56527.58,46,2.73,147.4,99.46,74.98,3.12,2024-09
2024-09-18,1156,57838.92,43,2.62,169.0,99.53,79.3,3.0,2024-09
2024-09-19,1149,57480.09,56,2.54,142.3,100.0,83.66,3.23,2024-09
2024-09-20,1121,56095.51,49,2.48,165.3,98.84,86.9,3.68,2024-09
2024-09-21,1038,51926.99,50,2.03,142.9,99.63,84.65,2.38,2024-09
2024-09-22,1167,58352.17,39,2.66,160.1,99.4,85.48,2.9,2024-09
2024-09-23,1107,55370.41,50,2.54,134.5,99.36,92.73,2.87,2024-09
2024-09-24,1121,56072.72,58,2.73,174.8,99.71,80.71,2.97,2024-09
2024-09-25,1151,57565.03,63,2.5,108.6,99.19,86.82,2.51,2024-09
2024-09-26,1100,55033.08,53,2.32,151.1,100.0,86.63,2.51,2024-09
2024-09-27,1105,55266.05,39,1.79,155.6,99.66,83.7,2.68,2024-09
2024-09-28,1056,52841.81,46,2.51,186.4,99.59,82.03,1.92,2024-09
2024-09-29,1143,57187.24,62,2.27,127.7,99.86,85.55,2.48,2024-09
2024-09-30,1117,55856.36,47,2.57,142.2,99.08,77.61,2.86,2024-09
2024-10-01,1179,58993.13,53,2.62,157.4,99.04,83.72,2.31,2024-10
2024-10-02,1103,55186.62,55,2.58,126.9,99.8,80.92,2.65,2024-10
2024-10-03,1059,52954.06,56,2.27,150.9,99.57,86.71,3.1,2024-10
2024-10-04,1113,55692.79,56,2.54,119.1,99.44,85.87,2.84,2024-10
2024-10-05,1007,50369.16,40,2.21,126.2,99.24,93.78,2.55,2024-10
2024-10-06,1142,57132.65,50,3.3,153.9,99.11,86.85,2.7,2024-10
2024-10-07,1105,55277.62,59,2.79,167.5,99.47,82.19,3.06,2024-10
2024-10-08,1188,59428.24,57,2.28,155.3,99.77,81.02,3.48,2024-10
2024-10-09,1146,57333.26,56,2.81,160.6,99.56,86.59,3.23,2024-10
2024-10-10,1098,54935.57,66,2.3,147.5,99.82,88.94,2.8,2024-10
2024-10-11,1113,55671.79,55,2.27,196.5,99.65,90.05,2.16,2024-10
2024-10-12,1198,59930.44,58,2.76,167.9,99.53,87.1,2.31,2024-10
2024-10-13,1181,59095.84,43,2.83,167.4,99.18,76.91,2.46,2024-10
2024-10-14,1044,52211.1,65,2.37,161.6,99.57,91.09,3.22,2024-10
2024-10-15,1149,57479.27,52,2.42,161.3,99.86,93.41,3.07,2024-10
2024-10-16,1181,59070.95,56,2.73,171.9,99.25,89.17,3.71,2024-10
2024-10-17,1084,54213.98,58,2.3,131.2,99.31,81.58,2.41,2024-10
2024-10-18,1139,56961.37,57,2.47,168.8,99.09,88.01,3.27,2024-10
2024-10-19,1082,54142.07,47,2.76,130.7,99.57,84.67,2.79,2024-10
2024-10-20,1209,60476.83,46,2.92,150.8,99.2,81.95,2.59,2024-10
2024-10-21,1139,56992.66,57,2.59,159.2,99.45,83.53,2.2,2024-10
2024-10-22,1132,56649.13,43,2.81,166.2,99.24,78.22,3.63,2024-10
2024-10-23,1079,53958.53,57,2.84,131.1,99.37,74.88,2.52,2024-10
2024-10-24,1128,56421.07,62,2.24,127.2,99.34,85.09,3.39,2024-10
2024-10-25,1121,56085.94,46,2.39,146.5,99.45,83.87,3.2,2024-10
2024-10-26,1112,55631.3,58,2.28,186.3,99.45,93.39,2.52,2024-10
2024-10-27,1102,55102.67,52,2.58,128.7,100.0,80.53,2.94,2024-10
2024-10-28,1079,53974.6,51,2.79,157.8,99.55,92.1,3.29,2024-10
2024-10-29,1230,61527.62,37,1.93,159.7,99.25,88.67,3.27,2024-10
2024-10-30,1215,60774.72,59,2.76,127.2,99.31,85.11,3.23,2024-10
2024-10-31,1175,58766.6,58,2.6,128.2,99.25,88.36,2.83,2024-10
2024-11-01,1160,58019.18,65,2.71,151.6,99.69,83.59,3.71,2024-11
2024-11-02,1141,57081.98,36,2.72,156.5,99.52,78.09,2.54,2024-11
2024-11-03,1041,52087.45,56,2.99,119.8,99.55,88.79,2.97,2024-11
2024-11-04,1099,54983.26,59,2.76,127.4,99.83,87.48,2.68,2024-11
2024-11-05,1081,54087.24,51,2.08,160.9,99.51,85.03,2.92,2024-11
2024-11-06,1106,55326.52,50,2.05,149.6,99.61,89.12,3.95,2024-11
2024-11-07,1156,57836.24,59,2.61,140.1,99.61,85.19,1.9,2024-11
2024-11-08,1144,57223.81,60,2.66,165.2,99.51,84.39,2.69,2024-11
2024-11-09,1169,58475.15,51,1.86,158.1,99.35,87.84,3.23,2024-11
2024-11-10,1121,56093.8,56,2.59,112.5,99.51,88.9,2.72,2024-11
2024-11-11,1138,56912.09,49,2.43,146.6,99.91,84.47,2.5,2024-11
2024-11-12,1158,57923.74,59,2.23,166.2,99.04,81.23,3.59,2024-11
2024-11-13,1098,54919.0,65,2.82,159.2,99.93,78.73,2.91,2024-11
2024-11-14,1160,58042.26,49,2.3,168.8,99.51,88.65,3.9,2024-11
2024-11-15,1149,57459.49,44,2.53,126.4,99.34,84.07,2.35,2024-11
2024-11-16,1161,58066.8,61,2.75,165.0,99.58,80.62,2.91,2024-11
2024-11-17,1154,57727.65,44,2.92,155.6,99.88,89.1,4.26,2024-11
2024-11-18,1281,64075.89,45,2.45,152.2,99.28,90.51,2.97,2024-11
2024-11-19,1101,55063.08,45,2.68,141.5,99.63,86.68,3.35,2024-11
2024-11-20,1152,57604.1,50,2.7,149.4,99.73,82.06,2.21,2024-11
2024-11-21,1156,57845.9,68,2.83,171.3,99.41,88.02,3.11,2024-11
2024-11-22,1152,57611.65,56,2.24,191.9,99.9,91.18,2.67,2024-11
2024-11-23,1135,56794.43,57,2.67,146.2,99.5,82.22,3.26,2024-11
2024-11-24,1128,56407.84,50,2.5,144.9,98.94,85.5,2.6,2024-11
2024-11-25,1171,58571.05,47,2.11,151.0,99.3,98.0,3.2,2024-11
2024-11-26,1117,55871.55,47,2.42,151.5,99.49,85.06,2.99,2024-11
2024-11-27,1116,55844.83,46,2.38,147.5,99.2,81.57,3.5,2024-11
2024-11-28,1218,60900.16,62,1.98,133.3,99.46,84.38,2.46,2024-11
2024-11-29,1159,57951.9,53,2.61,165.0,99.65,84.25,3.42,2024-11
2024-11-30,1225,61265.53,61,2.62,152.2,98.96,80.38,2.95,2024-11
2024-12-01,1141,57085.46,41,2.91,197.7,99.69,80.61,3.37,2024-12
2024-12-02,1102,55118.57,55,2.12,144.8,99.52,87.07,3.75,2024-12
2024-12-03,1103,55182.16,57,2.84,135.1,99.16,82.28,2.6,2024-12
2024-12-04,1134,56731.62,56,2.86,163.9,99.75,81.24,1.99,2024-12
2024-12-05,1193,59659.62,43,2.41,170.6,99.33,91.05,2.42,2024-12
2024-12-06,1217,60867.99,61,2.5,160.9,99.36,82.24,3.5,2024-12
2024-12-07,1139,56991.0,52,2.69,136.7,99.66,86.99,2.91,2024-12
2024-12-08,1144,57213.03,60,2.27,137.1,99.31,77.42,3.71,2024-12
2024-12-09,1207,60371.16,58,2.62,182.2,99.88,76.73,2.52,2024-12
2024-12-10,1303,65194.06,62,2.39,158.2,99.16,86.02,2.98,2024-12
2024-12-11,1201,60086.0,59,1.93,128.4,99.48,77.31,2.85,2024-12
2024-12-12,1301,65060.03,49,2.39,171.1,99.71,86.41,3.1,2024-12
2024-12-13,1272,63634.64,46,2.84,203.4,99.58,93.44,2.67,2024-12
2024-12-14,1146,57340.27,59,2.28,148.5,100.0,80.83,3.05,2024-12
2024-12-15,1271,63576.21,53,2.17,130.2,99.57,84.24,3.49,2024-12
2024-12-16,1202,60113.29,55,2.78,148.4,99.93,88.4,3.18,2024-12
2024-12-17,1234,61725.3,53,2.6,156.0,99.23,93.88,2.89,2024-12
2024-12-18,1286,64333.4,44,2.62,96.5,99.16,85.46,2.48,2024-12
2024-12-19,1197,59869.49,52,2.33,136.8,99.5,88.18,2.6,2024-12
2024-12-20,1233,61676.49,45,2.38,115.4,99.5,91.94,3.7,2024-12
2024-12-21,1209,60469.8,47,2.89,153.5,100.0,78.52,3.24,2024-12
2024-12-22,1278,63923.68,57,1.99,155.1,99.87,85.24,2.41,2024-12
2024-12-23,1320,66023.42,62,2.8,158.5,99.27,87.54,2.65,2024-12
2024-12-24,1112,55634.51,49,2.62,189.0,99.34,94.95,3.41,2024-12
2024-12-25,1288,64429.73,49,2.75,163.3,99.63,85.52,3.11,2024-12
2024-12-26,1241,62069.42,57,1.76,123.0,99.4,87.32,3.1,2024-12
2024-12-27,1237,61851.93,60,2.38,192.2,99.6,91.65,3.19,2024-12
2024-12-28,1240,62025.07,57,2.1,151.0,99.42,84.32,2.7,2024-12
2024-12-29,1285,64287.41,58,2.75,152.8,99.28,86.42,2.75,2024-12
2024-12-30,1224,61245.36,59,2.61,125.3,99.64,82.91,3.47,2024-12
2024-12-31,1355,67755.32,60,2.32,112.5,99.47,77.44,3.3,2024-12
2025-01-01,1245,62261.76,46,2.34,129.6,100.0,80.72,3.27,2025-01
2025-01-02,1166,58332.04,47,2.66,147.5,99.55,82.67,3.04,2025-01
2025-01-03,1229,61489.68,60,2.92,173.5,99.56,80.56,3.44,2025-01
2025-01-04,1256,62809.26,71,2.53,192.9,99.51,87.34,3.28,2025-01
2025-01-05,1230,61540.51,48,2.84,112.5,99.47,82.71,2.84,2025-01
2025-01-06,1201,60094.96,53,2.24,131.9,99.73,91.75,2.92,2025-01
2025-01-07,1150,57507.01,59,2.48,185.1,99.61,83.23,3.05,2025-01
2025-01-08,1216,60840.64,57,2.62,152.2,99.54,81.91,2.72,2025-01
2025-01-09,1285,64261.11,52,2.64,150.1,99.26,84.08,3.05,2025-01
2025-01-10,1321,66065.39,45,2.52,195.5,99.1,91.86,2.89,2025-01
2025-01-11,1299,64969.7,46,2.8,161.5,99.99,86.72,3.44,2025-01
2025-01-12,1276,63834.31,36,2.49,139.5,99.45,90.84,3.03,2025-01
2025-01-13,1307,65355.68,50,2.17,127.8,99.62,76.92,3.41,2025-01
2025-01-14,1292,64602.44,43,3.08,127.8,99.03,79.63,2.12,2025-01
2025-01-15,1299,64989.95,43,2.83,130.8,98.9,75.89,2.6,2025-01
2025-01-16,1230,61539.24,50,2.86,152.7,99.9,90.32,3.37,2025-01
2025-01-17,1319,65990.83,50,2.7,153.2,99.86,86.78,4.06,2025-01
2025-01-18,1175,58791.71,51,2.38,176.5,99.48,72.57,3.3,2025-01
2025-01-19,1251,62591.4,59,2.68,190.8,99.26,81.48,3.64,2025-01
2025-01-20,1323,66183.29,41,2.22,148.8,99.38,80.17,2.63,2025-01
2025-01-21,1311,65594.07,59,1.93,160.7,99.29,84.88,3.87,2025-01
2025-01-22,1218,60929.44,51,2.27,147.3,99.53,83.99,2.44,2025-01
2025-01-23,1244,62220.95,57,2.28,146.5,99.57,95.0,2.38,2025-01
2025-01-24,1206,60325.27,64,2.84,167.3,99.35,80.28,3.72,2025-01
2025-01-25,1272,63602.19,53,2.94,165.4,99.44,86.84,3.1,2025-01
2025-01-26,1374,68736.83,46,3.08,103.8,99.4,80.34,2.71,2025-01
2025-01-27,1234,61731.46,61,2.86,140.6,100.0,81.02,3.28,2025-01
2025-01-28,1292,64610.55,44,2.55,149.8,98.92,76.76,3.54,2025-01
2025-01-29,1286,64345.13,61,2.99,166.2,99.81,79.69,3.27,2025-01
2025-01-30,1305,65271.34,53,2.33,137.1,99.8,86.32,3.23,2025-01
2025-01-31,1301,65078.27,59,2.34,164.9,99.8,87.78,3.4,2025-01
2025-02-01,1258,62939.19,60,2.68,161.7,99.13,88.37,2.53,2025-02
2025-02-02,1226,61305.81,51,2.08,164.7,99.67,91.41,3.59,2025-02
2025-02-03,1280,64030.58,71,2.54,167.4,99.67,84.63,3.24,2025-02
2025-02-04,1252,62629.16,68,2.71,130.7,99.43,91.38,2.86,2025-02
2025-02-05,1330,66543.05,41,2.87,148.1,99.28,87.1,3.35,2025-02
2025-02-06,1291,64561.71,47,2.21,121.2,99.3,91.31,3.21,2025-02
2025-02-07,1205,60282.73,50,2.69,112.0,99.7,88.52,3.01,2025-02
2025-02-08,1341,67077.43,59,2.38,148.8,99.52,89.45,3.23,2025-02
2025-02-09,1289,64479.8,47,2.53,139.0,99.98,71.63,3.33,2025-02
2025-02-10,1299,64972.06,54,1.76,163.6,98.75,77.0,2.61,2025-02
2025-02-11,1392,69614.59,65,2.88,152.7,99.46,81.12,3.45,2025-02
2025-02-12,1307,65382.88,51,2.59,187.7,99.54,93.51,2.56,2025-02
2025-02-13,1338,66909.4,63,2.74,143.0,99.83,79.47,3.48,2025-02
2025-02-14,1292,64620.99,46,2.06,162.3,100.0,88.2,2.01,2025-02
2025-02-15,1314,65705.3,48,2.68,135.4,99.38,79.34,3.95,2025-02
2025-02-16,1346,67335.69,59,2.18,157.6,99.52,95.58,3.12,2025-02
2025-02-17,1349,67463.64,56,2.19,154.7,99.53,90.89,1.51,2025-02
2025-02-18,1369,68471.6,64,2.31,164.4,98.99,83.1,3.58,2025-02
2025-02-19,1384,69233.32,51,3.1,141.8,99.9,83.92,2.66,2025-02
2025-02-20,1334,66741.23,60,2.2,129.2,99.59,88.02,2.28,2025-02
2025-02-21,1227,61389.31,59,2.72,129.0,99.34,81.5,2.68,2025-02
2025-02-22,1309,65479.83,52,2.29,132.3,99.85,70.0,3.38,2025-02
2025-02-23,1326,66327.58,57,2.56,167.7,99.73,85.51,2.81,2025-02
2025-02-24,1383,69150.44,46,2.9,159.6,99.11,95.7,3.39,2025-02
2025-02-25,1415,70751.82,57,2.37,165.5,99.26,91.79,2.69,2025-02
2025-02-26,1298,64909.09,53,2.54,115.4,99.23,82.91,2.47,2025-02
2025-02-27,1273,63658.74,49,2.94,134.7,99.3,80.73,3.11,2025-02
2025-02-28,1330,66532.17,62,2.64,119.4,99.66,91.8,3.76,2025-02
2025-03-01,1361,68081.82,52,2.43,138.0,99.6,89.33,2.62,2025-03
2025-03-02,1295,64755.89,51,2.57,154.0,99.55,94.17,2.48,2025-03
2025-03-03,1368,68416.63,54,2.32,158.4,99.22,76.01,3.25,2025-03
2025-03-04,1309,65457.27,52,3.49,144.2,99.49,82.74,2.66,2025-03
2025-03-05,1296,64800.91,48,2.24,148.6,99.21,87.97,3.31,2025-03
2025-03-06,1350,67528.1,57,3.01,182.4,99.26,76.04,3.19,2025-03
2025-03-07,1365,68274.24,44,2.64,143.5,99.4,79.0,3.59,2025-03
2025-03-08,1299,64986.91,47,2.93,152.1,99.38,81.66,3.8,2025-03
2025-03-09,1317,65864.91,61,2.69,161.4,99.23,91.61,3.23,2025-03
2025-03-10,1307,65384.53,59,2.68,157.4,99.75,88.48,2.5,2025-03
2025-03-11,1393,69686.11,49,2.45,147.9,99.23,82.43,3.49,2025-03
2025-03-12,1361,68060.43,60,2.36,169.4,99.37,84.38,3.47,2025-03
2025-03-13,1271,63566.5,57,2.69,165.6,99.52,86.63,2.98,2025-03
2025-03-14,1317,65871.04,60,2.89,147.6,99.58,89.89,3.06,2025-03
2025-03-15,1382,69149.56,54,2.5,154.4,100.0,76.48,2.76,2025-03
2025-03-16,1385,69258.61,52,2.32,140.2,99.51,73.6,2.74,2025-03
2025-03-17,1262,63121.24,43,2.45,123.4,99.85,89.97,1.97,2025-03
2025-03-18,1327,66380.04,59,3.03,129.8,99.33,93.31,3.5,2025-03
2025-03-19,1282,64101.5,58,2.79,135.4,99.13,89.42,2.54,2025-03
2025-03-20,1337,66874.68,56,2.58,131.3,99.48,78.27,2.12,2025-03
2025-03-21,1367,68369.01,51,2.73,154.5,99.34,84.19,3.48,2025-03
2025-03-22,1291,64563.72,66,2.24,145.4,99.81,82.42,3.79,2025-03
2025-03-23,1382,69141.66,49,2.64,144.0,99.04,84.11,3.21,2025-03
2025-03-24,1316,65820.96,48,2.53,158.9,99.86,86.36,4.04,2025-03
2025-03-25,1384,69219.15,54,3.1,201.8,99.73,91.58,2.72,2025-03
2025-03-26,1334,66744.81,56,2.51,201.7,99.95,73.86,3.19,2025-03
2025-03-27,1321,66056.47,52,3.07,154.6,99.46,89.96,2.68,2025-03
2025-03-28,1361,68068.88,49,2.66,156.5,99.07,83.82,3.24,2025-03
2025-03-29,1305,65255.52,48,2.52,119.6,99.39,82.39,3.39,2025-03
2025-03-30,1362,68106.91,70,3.14,147.8,99.53,80.16,3.12,2025-03
2025-03-31,1375,68775.08,42,2.76,180.3,99.41,87.59,3.81,2025-03
2025-04-01,1325,66288.31,60,2.74,127.2,99.86,84.53,3.33,2025-04
2025-04-02,1374,68733.63,53,2.33,131.1,99.45,84.6,2.52,2025-04
2025-04-03,1337,66895.74,58,2.3,146.0,99.18,91.62,1.97,2025-04
2025-04-04,1381,69093.65,66,3.04,143.5,99.14,85.15,2.83,2025-04
2025-04-05,1444,72207.85,57,2.4,160.1,99.56,86.45,3.03,2025-04
2025-04-06,1421,71051.26,53,2.08,168.2,99.92,97.07,3.74,2025-04
2025-04-07,1392,69631.7,52,2.67,140.7,100.0,87.3,2.17,2025-04
2025-04-08,1306,65334.07,57,2.47,151.9,99.23,85.27,3.67,2025-04
2025-04-09,1349,67474.55,51,2.73,123.1,98.98,94.02,2.82,2025-04
2025-04-10,1364,68249.88,58,2.29,127.8,98.86,85.67,2.38,2025-04
2025-04-11,1353,67689.17,60,2.62,189.0,99.68,80.16,3.4,2025-04
2025-04-12,1381,69070.86,52,2.56,139.7,98.96,91.34,3.5,2025-04
2025-04-13,1306,65307.56,58,2.92,106.9,99.34,92.82,3.47,2025-04
2025-04-14,1374,68727.37,51,2.71,163.1,99.78,88.85,2.54,2025-04
2025-04-15,1324,66204.38,47,2.37,135.8,99.68,82.7,3.56,2025-04
2025-04-16,1291,64565.52,60,2.24,176.0,99.36,80.09,3.34,2025-04
2025-04-17,1302,65105.59,52,2.52,163.2,99.51,82.7,2.1,2025-04
2025-04-18,1368,68433.58,62,2.39,147.0,99.54,88.74,3.01,2025-04
2025-04-19,1321,66090.13,54,2.65,150.7,99.19,87.85,2.57,2025-04
2025-04-20,1403,70154.09,52,2.05,127.1,99.73,80.9,3.24,2025-04
2025-04-21,1333,66654.77,62,2.42,167.2,99.64,86.3,3.19,2025-04
2025-04-22,1254,62705.1,61,2.12,113.5,99.2,81.44,3.0,2025-04
2025-04-23,1431,71575.57,64,2.58,170.7,99.36,83.93,4.34,2025-04
2025-04-24,1237,61877.04,64,2.54,160.5,99.67,89.55,2.88,2025-04
2025-04-25,1259,62957.26,60,2.52,137.0,99.31,87.46,2.47,2025-04
2025-04-26,1278,63918.78,56,2.33,145.3,99.43,79.1,3.64,2025-04
2025-04-27,1320,66002.77,57,3.34,141.9,99.47,91.24,3.66,2025-04
2025-04-28,1422,71134.27,56,3.03,152.6,99.53,83.21,2.12,2025-04
2025-04-29,1357,67880.19,55,2.43,176.3,99.83,80.95,2.92,2025-04
2025-04-30,1295,64772.91,48,2.95,149.7,99.51,93.37,2.99,2025-04
2025-05-01,1307,65356.69,56,2.68,155.0,99.59,84.4,2.35,2025-05
2025-05-02,1325,66257.71,53,2.26,153.4,99.72,76.45,3.22,2025-05
2025-05-03,1349,67472.1,66,1.97,165.0,99.3,80.9,3.07,2025-05
2025-05-04,1297,64874.19,56,2.79,163.2,99.59,89.25,3.64,2025-05
2025-05-05,1353,67682.96,62,2.59,133.4,100.0,81.33,3.02,2025-05
2025-05-06,1318,65935.97,53,3.08,137.8,99.66,86.7,2.61,2025-05
2025-05-07,1338,66939.06,53,3.09,182.1,99.66,85.27,3.29,2025-05
2025-05-08,1380,69030.71,55,2.88,139.4,99.71,75.67,3.47,2025-05
2025-05-09,1354,67727.68,56,2.02,153.2,99.14,76.05,3.11,2025-05
2025-05-10,1309,65486.04,50,2.28,96.3,99.67,86.87,3.87,2025-05
2025-05-11,1292,64623.12,44,2.25,156.5,99.4,93.51,2.6,2025-05
2025-05-12,1343,67175.39,52,2.54,184.4,99.55,90.81,2.06,2025-05
2025-05-13,1289,64471.29,51,2.86,139.7,99.43,88.58,3.05,2025-05
2025-05-14,1340,67015.08,50,2.56,142.4,99.32,80.79,4.03,2025-05
2025-05-15,1312,65614.27,53,2.44,161.9,99.22,84.05,2.87,2025-05
2025-05-16,1315,65778.39,59,2.93,155.8,99.71,86.13,3.4,2025-05
2025-05-17,1269,63497.72,66,2.17,145.4,99.08,84.88,3.05,2025-05
2025-05-18,1334,66726.75,66,2.84,128.6,99.46,87.44,2.29,2025-05
2025-05-19,1305,65263.91,44,2.94,137.9,99.43,78.7,3.28,2025-05
2025-05-20,1335,66786.9,55,2.85,163.0,99.19,84.69,2.39,2025-05
2025-05-21,1320,66006.82,59,2.31,143.1,99.66,82.18,2.72,2025-05
2025-05-22,1282,64109.6,60,2.93,148.5,99.31,70.84,3.18,2025-05
2025-05-23,1389,69464.12,52,2.62,183.7,100.0,91.51,2.45,2025-05
2025-05-24,1388,69446.85,49,2.73,120.8,99.45,89.51,2.75,2025-05
2025-05-25,1317,65895.79,45,2.5,134.2,99.51,91.91,3.02,2025-05
2025-05-26,1286,64327.74,53,2.6,146.9,99.54,85.53,3.67,2025-05
2025-05-27,1230,61506.0,50,2.47,158.3,99.23,87.28,2.95,2025-05
2025-05-28,1322,66140.92,45,2.31,153.2,99.2,87.97,2.83,2025-05
2025-05-29,1296,64837.3,55,2.63,191.9,99.29,83.13,2.85,2025-05
2025-05-30,1373,68680.25,63,2.55,126.8,99.51,89.12,2.29,2025-05
2025-05-31,1341,67065.03,69,2.94,167.3,98.97,83.82,3.21,2025-05
2025-06-01,1362,68116.79,55,2.21,119.8,99.33,88.2,3.31,2025-06
2025-06-02,1427,71368.85,61,2.27,190.4,99.64,85.75,2.99,2025-06
2025-06-03,1356,67816.63,53,2.3,160.7,99.71,93.46,2.21,2025-06
2025-06-04,1234,61718.87,47,2.28,160.7,100.0,93.65,2.42,2025-06
2025-06-05,1254,62728.98,46,2.7,117.7,99.91,83.13,3.68,2025-06
2025-06-06,1377,68898.75,57,2.65,144.0,99.51,89.21,3.78,2025-06
2025-06-07,1311,65552.27,54,2.33,183.7,98.9,87.04,2.31,2025-06
2025-06-08,1251,62599.07,50,2.47,168.5,99.71,87.01,3.19,2025-06
2025-06-09,1186,59331.73,57,2.42,155.1,99.5,93.0,2.98,2025-06
2025-06-10,1243,62187.59,52,2.34,154.6,99.65,88.06,3.19,2025-06
2025-06-11,1339,66974.6,45,3.08,177.2,99.52,93.11,3.07,2025-06
2025-06-12,1324,66246.56,49,2.5,167.3,99.63,83.85,3.39,2025-06
2025-06-13,1265,63259.43,52,2.38,166.1,99.73,89.43,3.09,2025-06
2025-06-14,1206,60335.3,46,2.77,111.8,99.87,83.84,3.07,2025-06
2025-06-15,1343,67188.94,56,2.44,159.8,99.79,85.18,3.31,2025-06
2025-06-16,1269,63456.24,60,2.62,142.3,100.0,78.16,2.62,2025-06
2025-06-17,1273,63679.89,68,2.24,148.6,99.76,87.96,3.13,2025-06
2025-06-18,1334,66700.11,63,2.46,157.1,99.69,80.31,2.54,2025-06
2025-06-19,1264,63221.02,55,2.48,148.1,99.44,92.28,3.36,2025-06
2025-06-20,1209,60481.61,62,2.51,156.2,99.57,92.41,3.73,2025-06
2025-06-21,1285,64267.61,55,2.13,177.3,99.2,87.01,3.13,2025-06
2025-06-22,1293,64661.6,51,2.18,140.2,99.44,88.91,3.72,2025-06
2025-06-23,1372,68622.38,52,2.63,160.3,99.23,76.54,2.99,2025-06
2025-06-24,1190,59513.92,55,2.48,131.9,99.74,78.23,3.37,2025-06
2025-06-25,1239,61986.58,55,2.75,170.6,99.34,89.88,3.49,2025-06
2025-06-26,1255,62759.98,58,2.61,171.6,99.6,80.65,3.32,2025-06
2025-06-27,1196,59831.21,59,2.54,146.7,99.11,94.55,3.61,2025-06
2025-06-28,1259,62950.23,50,2.51,163.3,99.99,88.44,3.49,2025-06
2025-06-29,1262,63129.73,60,2.6,118.4,99.4,86.81,3.53,2025-06
2025-06-30,1311,65564.15,55,1.93,183.8,99.05,82.67,2.49,2025-06
2025-07-01,1248,62416.1,61,2.39,114.9,99.66,81.08,2.15,2025-07
2025-07-02,1230,61538.03,53,2.96,129.4,99.25,81.25,3.43,2025-07
2025-07-03,1256,62809.76,64,2.23,177.6,99.89,84.22,2.96,2025-07
2025-07-04,1197,59883.54,60,2.64,139.0,99.33,83.44,2.39,2025-07
2025-07-05,1181,59077.95,56,2.07,177.4,99.6,83.96,4.5,2025-07
2025-07-06,1282,64128.63,60,2.9,141.5,99.64,83.97,3.12,2025-07
2025-07-07,1199,59974.23,58,2.53,140.4,99.21,83.07,3.1,2025-07
2025-07-08,1284,64209.31,65,2.72,170.2,99.43,84.93,3.23,2025-07
2025-07-09,1259,62980.06,56,2.67,128.2,99.34,81.7,4.01,2025-07
2025-07-10,1304,65202.45,57,2.6,155.5,99.62,81.16,2.98,2025-07
2025-07-11,1272,63632.08,46,3.09,154.0,99.59,76.99,4.07,2025-07
2025-07-12,1337,66863.77,52,2.62,137.8,99.55,82.17,2.33,2025-07
2025-07-13,1272,63604.87,71,2.46,174.0,99.93,90.27,3.64,2025-07
2025-07-14,1222,61140.47,43,2.07,132.7,99.84,80.81,2.83,2025-07
2025-07-15,1279,63975.13,48,1.97,141.1,99.02,79.35,2.83,2025-07
2025-07-16,1279,63954.79,62,2.16,138.8,99.43,85.49,3.44,2025-07
2025-07-17,1242,62114.2,44,2.42,165.8,99.97,80.05,3.31,2025-07
2025-07-18,1272,63614.59,58,2.69,146.1,99.35,84.49,3.33,2025-07
2025-07-19,1249,62453.05,49,2.67,157.1,99.51,82.88,2.43,2025-07
2025-07-20,1286,64305.34,59,2.46,138.4,99.96,89.05,3.15,2025-07
2025-07-21,1197,59865.49,68,2.34,158.7,99.64,86.75,3.79,2025-07
2025-07-22,1296,64809.76,69,2.04,161.3,99.21,80.22,3.01,2025-07
2025-07-23,1283,64157.74,61,2.74,195.0,99.32,84.77,3.09,2025-07
2025-07-24,1287,64372.13,51,2.45,164.3,99.55,79.69,3.21,2025-07
2025-07-25,1206,60301.68,55,3.0,138.3,99.37,78.71,2.33,2025-07
2025-07-26,1237,61874.8,50,2.62,157.0,99.58,89.39,2.57,2025-07
2025-07-27,1210,60545.17,56,2.63,127.8,99.64,87.84,2.75,2025-07
2025-07-28,1204,60222.03,49,2.44,174.4,99.83,89.99,3.27,2025-07
2025-07-29,1216,60802.13,63,1.72,145.3,99.14,83.63,3.57,2025-07
2025-07-30,1278,63928.26,53,2.83,132.5,99.63,85.17,2.74,2025-07
2025-07-31,1301,65090.93,45,2.87,152.9,99.35,96.68,3.2,2025-07
2025-08-01,1200,60048.43,45,2.6,162.6,99.57,90.14,3.72,2025-08
2025-08-02,1152,57640.11,51,2.15,148.3,99.5,88.04,2.29,2025-08
2025-08-03,1260,63014.61,57,2.26,134.4,99.34,98.0,3.74,2025-08
2025-08-04,1133,56653.19,75,2.51,151.1,99.63,77.82,3.12,2025-08
2025-08-05,1209,60471.23,44,3.01,133.2,99.51,83.66,2.84,2025-08
2025-08-06,1210,60541.06,70,2.55,156.9,99.6,83.82,3.88,2025-08
2025-08-07,1318,65915.95,60,2.62,175.0,99.38,87.51,3.57,2025-08
2025-08-08,1155,57779.82,52,2.97,156.5,99.14,87.7,2.72,2025-08
2025-08-09,1227,61394.32,49,2.52,138.4,99.42,73.67,2.76,2025-08
2025-08-10,1157,57854.09,50,2.08,170.4,99.1,85.35,3.78,2025-08
2025-08-11,1232,61632.8,51,2.21,167.9,100.0,86.0,2.5,2025-08
2025-08-12,1245,62294.52,57,2.76,152.5,99.18,83.97,3.01,2025-08
2025-08-13,1253,62659.28,38,2.23,133.0,99.56,86.58,2.86,2025-08
2025-08-14,1107,55378.22,47,1.95,128.0,99.0,82.4,2.0,2025-08
2025-08-15,1230,61511.88,55,2.51,140.7,99.39,75.99,3.01,2025-08
2025-08-16,1287,64368.66,65,2.77,152.7,99.36,86.67,3.34,2025-08
2025-08-17,1212,60632.99,56,2.6,149.4,99.3,82.52,3.02,2025-08
2025-08-18,1247,62389.13,64,2.8,172.4,99.88,82.33,3.04,2025-08
2025-08-19,1169,58468.5,57,2.55,125.4,99.75,90.43,2.92,2025-08
2025-08-20,1121,56075.51,53,2.82,166.9,99.69,85.08,2.64,2025-08
2025-08-21,1210,60519.7,47,2.55,172.4,99.66,78.36,2.81,2025-08
2025-08-22,1169,58460.98,58,2.51,119.2,99.94,88.98,1.88,2025-08
2025-08-23,1249,62476.35,61,2.68,132.7,99.62,87.05,3.31,2025-08
2025-08-24,1257,62864.0,62,2.75,146.7,99.22,79.05,2.29,2025-08
2025-08-25,1184,59224.34,62,2.29,124.6,99.89,79.48,2.16,2025-08
2025-08-26,1251,62585.34,53,2.44,118.8,99.45,77.92,2.62,2025-08
2025-08-27,1256,62835.63,50,2.37,153.9,99.68,85.58,2.48,2025-08
2025-08-28,1231,61592.82,41,2.73,169.3,99.58,81.89,3.16,2025-08
2025-08-29,1285,64258.18,63,2.42,145.9,99.82,83.63,2.07,2025-08
2025-08-30,1187,59359.69,49,2.49,140.0,99.67,82.54,3.07,2025-08
2025-08-31,1192,59608.76,48,2.12,149.9,99.32,74.39,3.36,2025-08
2025-09-01,1166,58332.89,48,2.43,147.0,99.46,87.35,2.78,2025-09
2025-09-02,1174,58742.09,69,2.34,128.1,99.47,92.16,2.81,2025-09
2025-09-03,1161,58056.76,53,2.41,163.6,100.0,80.07,4.48,2025-09
2025-09-04,1201,60088.62,59,2.43,188.6,100.0,82.37,2.64,2025-09
2025-09-05,1236,61820.59,68,2.48,159.2,99.44,85.59,2.5,2025-09
2025-09-06,1164,58210.6,49,2.62,154.7,99.57,91.81,3.79,2025-09
2025-09-07,1150,57540.46,75,2.23,160.9,99.7,86.8,3.86,2025-09
2025-09-08,1225,61268.03,51,2.72,179.2,99.68,90.52,3.47,2025-09
2025-09-09,1170,58525.8,46,2.25,189.8,99.48,91.12,2.42,2025-09
2025-09-10,1193,59687.41,53,2.38,135.6,99.05,94.12,2.98,2025-09
2025-09-11,1174,58735.11,47,2.28,134.1,99.26,92.12,2.71,2025-09
2025-09-12,1217,60865.54,61,2.45,140.3,99.31,84.01,2.29,2025-09
2025-09-13,1187,59378.45,55,2.71,152.4,99.0,95.44,2.88,2025-09
2025-09-14,1169,58460.39,42,2.44,178.3,98.92,85.97,2.64,2025-09
2025-09-15,1242,62144.42,49,2.23,150.2,99.48,91.31,3.12,2025-09
2025-09-16,1281,64075.52,55,2.67,157.6,99.33,90.56,2.99,2025-09
2025-09-17,1207,60378.65,67,2.23,198.6,100.0,84.28,2.84,2025-09
2025-09-18,1153,57692.87,53,2.75,176.3,99.75,81.23,2.63,2025-09
2025-09-19,1159,57970.92,63,2.12,165.9,99.43,79.5,2.89,2025-09
2025-09-20,1182,59101.9,42,2.11,172.0,99.47,89.44,4.01,2025-09
2025-09-21,1181,59074.96,58,2.67,163.7,99.55,79.91,3.53,2025-09
2025-09-22,1059,52956.86,69,2.46,160.5,99.56,95.18,3.16,2025-09
2025-09-23,1171,58575.51,45,2.47,130.8,99.3,81.74,3.33,2025-09
2025-09-24,1195,59798.0,67,2.72,167.5,99.05,84.62,2.88,2025-09
2025-09-25,1077,53886.52,66,2.84,161.3,99.7,76.96,2.6,2025-09
2025-09-26,1166,58349.1,63,2.68,116.7,99.3,90.31,2.71,2025-09
2025-09-27,1211,60594.66,48,2.77,144.6,99.64,81.79,2.56,2025-09
2025-09-28,1191,59551.24,50,2.12,142.3,99.2,93.54,2.51,2025-09
2025-09-29,1250,62535.23,48,2.53,118.0,99.35,76.34,2.61,2025-09
2025-09-30,1166,58323.61,64,2.49,190.3,99.09,88.9,3.75,2025-09
2025-10-01,1164,58248.04,61,2.13,169.9,99.33,79.1,2.99,2025-10
2025-10-02,1232,61636.51,61,2.51,147.3,99.64,82.06,3.06,2025-10
2025-10-03,1136,56824.6,49,2.85,173.6,99.59,85.45,2.39,2025-10
2025-10-04,1187,59360.51,56,2.98,174.8,99.7,80.71,2.83,2025-10
2025-10-05,1129,56494.33,63,2.6,131.7,99.54,87.51,3.33,2025-10
2025-10-06,1215,60789.34,55,2.69,158.0,99.61,83.33,2.29,2025-10
2025-10-07,1304,65218.62,51,1.8,149.9,100.0,82.11,3.0,2025-10
2025-10-08,1169,58490.87,55,2.3,133.4,99.09,77.2,2.84,2025-10
2025-10-09,1080,54045.47,65,2.6,138.5,99.56,86.58,2.71,2025-10
2025-10-10,1156,57846.7,46,3.03,114.6,99.15,86.84,3.03,2025-10
2025-10-11,1214,60743.6,64,2.49,149.8,99.65,84.34,2.42,2025-10
2025-10-12,1305,65281.98,61,2.44,139.1,99.65,78.21,4.22,2025-10
2025-10-13,1116,55843.53,57,2.81,151.1,99.21,82.87,2.53,2025-10
2025-10-14,1182,59120.96,54,2.36,126.5,99.82,85.83,3.25,2025-10
2025-10-15,1186,59347.76,48,2.98,174.8,99.84,90.57,3.24,2025-10
2025-10-16,1145,57276.74,58,2.46,168.6,99.73,79.11,3.66,2025-10
2025-10-17,1249,62470.08,52,2.38,140.1,98.89,83.38,2.3,2025-10
2025-10-18,1229,61498.81,49,2.98,173.3,99.76,85.04,3.8,2025-10
2025-10-19,1138,56940.57,57,3.04,101.9,99.43,85.75,3.55,2025-10
2025-10-20,1143,57172.13,42,2.37,143.8,99.38,88.64,2.97,2025-10
2025-10-21,1240,62030.3,61,2.3,134.6,99.72,78.05,2.86,2025-10
2025-10-22,1127,56361.03,51,2.81,152.7,99.49,90.15,3.08,2025-10
2025-10-23,1207,60398.94,56,2.82,115.5,99.49,74.6,3.23,2025-10
2025-10-24,1191,59584.35,59,2.7,143.6,98.86,83.01,2.93,2025-10
2025-10-25,1286,64347.01,55,1.93,163.3,99.51,82.18,2.48,2025-10
2025-10-26,1102,55122.99,57,2.26,124.5,99.62,87.07,2.09,2025-10
2025-10-27,1210,60540.67,59,2.8,147.6,98.91,88.52,2.93,2025-10
2025-10-28,1253,62670.09,41,2.51,116.1,99.54,88.58,3.07,2025-10
2025-10-29,1144,57238.83,57,2.83,144.5,99.98,87.07,2.91,2025-10
2025-10-30,1285,64291.63,49,2.55,131.9,99.17,82.23,3.35,2025-10
2025-10-31,1181,59076.66,58,2.22,147.6,99.89,91.37,2.53,2025-10
2025-11-01,1190,59545.79,52,2.29,158.4,99.78,82.87,3.84,2025-11
2025-11-02,1266,63335.51,60,2.72,165.0,99.89,86.73,2.99,2025-11
2025-11-03,1239,61979.3,50,2.29,128.8,99.36,80.71,2.92,2025-11
2025-11-04,1167,58367.73,63,1.98,152.9,99.43,84.46,3.64,2025-11
2025-11-05,1207,60391.03,53,2.5,170.1,99.82,80.74,3.1,2025-11
2025-11-06,1112,55617.1,46,2.5,162.2,99.58,83.35,2.69,2025-11
2025-11-07,1278,63937.88,47,2.97,170.0,99.81,74.23,2.45,2025-11
2025-11-08,1222,61149.69,51,2.52,208.7,99.85,78.7,3.33,2025-11
2025-11-09,1242,62121.97,60,2.19,125.2,99.39,80.77,3.49,2025-11
2025-11-10,1197,59861.95,46,2.62,128.6,100.0,85.6,3.05,2025-11
2025-11-11,1212,60630.52,58,2.18,155.7,99.58,88.01,2.86,2025-11
2025-11-12,1306,65308.13,57,1.92,153.7,99.31,90.2,3.43,2025-11
2025-11-13,1142,57137.33,63,2.36,146.6,99.56,85.07,3.0,2025-11
2025-11-14,1196,59828.81,47,2.7,149.9,99.49,84.71,3.05,2025-11
2025-11-15,1268,63423.3,53,2.2,152.3,99.19,80.37,3.18,2025-11
2025-11-16,1161,58078.68,51,2.62,172.7,99.45,74.12,2.78,2025-11
2025-11-17,1254,62713.51,54,2.42,179.4,99.34,82.56,2.93,2025-11
2025-11-18,1172,58612.08,61,2.27,143.8,99.52,83.38,3.84,2025-11
2025-11-19,1227,61378.41,58,2.46,154.7,99.38,87.44,2.84,2025-11
2025-11-20,1182,59109.43,66,2.92,190.6,99.79,87.65,2.91,2025-11
2025-11-21,1318,65924.25,75,2.63,177.8,98.9,80.6,3.46,2025-11
2025-11-22,1273,63685.54,47,2.35,150.6,99.83,81.29,3.37,2025-11
2025-11-23,1307,65355.9,51,2.64,151.8,99.24,93.97,2.67,2025-11
2025-11-24,1235,61763.64,56,2.29,145.3,98.93,87.11,3.09,2025-11
2025-11-25,1270,63530.56,47,2.71,162.6,99.53,84.46,2.21,2025-11
2025-11-26,1249,62469.41,51,2.36,119.0,99.92,80.74,2.13,2025-11
2025-11-27,1223,61187.87,59,1.94,158.8,99.9,86.5,2.82,2025-11
2025-11-28,1291,64571.75,52,2.5,158.0,100.0,89.37,3.54,2025-11
2025-11-29,1318,65900.71,56,2.66,123.0,99.34,84.92,2.79,2025-11
2025-11-30,1434,71749.47,52,2.59,180.3,99.79,97.73,3.29,2025-11
